ctime,schemaname,relname,indexrelname,idx_scan,idx_tup_read,idx_tup_fetch,idx_blks_read,idx_blks_hit
1416427830.1699,pg_catalog,pg_statistic,pg_statistic_relid_att_inh_index,8082,7732,7729,87,17538
1416427830.1699,pg_catalog,pg_type,pg_type_typname_nsp_index,991,750,705,268,2399
1416427830.1699,pg_catalog,pg_type,pg_type_oid_index,35387,35271,35271,84,72481
1416427830.1699,pg_toast,pg_toast_2619,pg_toast_2619_index,5527,19091,19091,78,6354
1416427830.1699,pg_toast,pg_toast_1255,pg_toast_1255_index,0,0,0,0,0
1416427830.1699,pg_toast,pg_toast_2604,pg_toast_2604_index,0,0,0,0,0
1416427830.1699,pg_toast,pg_toast_2606,pg_toast_2606_index,0,0,0,0,0
1416427830.1699,pg_toast,pg_toast_2618,pg_toast_2618_index,169,538,538,34,240
1416427830.1699,pg_toast,pg_toast_2620,pg_toast_2620_index,0,0,0,0,0
1416427830.1699,pg_toast,pg_toast_2609,pg_toast_2609_index,0,0,0,0,0
1416427830.1699,pg_toast,pg_toast_2964,pg_toast_2964_index,0,0,0,0,0
1416427830.1699,pg_toast,pg_toast_2396,pg_toast_2396_index,0,0,0,0,0
1416427830.1699,pg_toast,pg_toast_3596,pg_toast_3596_index,0,0,0,0,0
1416427830.1699,pg_catalog,pg_authid,pg_authid_oid_index,1537,1537,1537,32,3042
1416427830.1699,pg_catalog,pg_authid,pg_authid_rolname_index,1531,1531,1531,32,3030
1416427830.1699,pg_catalog,pg_largeobject,pg_largeobject_loid_pn_index,0,0,0,0,0
1416427830.1699,pg_catalog,pg_user_mapping,pg_user_mapping_user_server_index,0,0,0,0,0
1416427830.1699,pg_catalog,pg_user_mapping,pg_user_mapping_oid_index,0,0,0,0,0
1416427830.1699,pg_catalog,pg_attribute,pg_attribute_relid_attnum_index,30832,69458,69425,186,64106
1416427830.1699,pg_catalog,pg_attribute,pg_attribute_relid_attnam_index,55,55,55,72,1077
1416427830.1699,pg_catalog,pg_proc,pg_proc_proname_args_nsp_index,1855,8377,8377,301,4843
1416427830.1699,pg_catalog,pg_proc,pg_proc_oid_index,11516,11516,11516,196,24310
1416427830.1699,pg_catalog,pg_attrdef,pg_attrdef_oid_index,0,0,0,0,0
1416427830.1699,pg_catalog,pg_attrdef,pg_attrdef_adrelid_adnum_index,0,0,0,0,0
1416427830.1699,pg_catalog,pg_constraint,pg_constraint_oid_index,16,8,8,4,36
1416427830.1699,pg_catalog,pg_constraint,pg_constraint_contypid_index,0,0,0,2,14
1416427830.1699,pg_catalog,pg_constraint,pg_constraint_conrelid_index,0,0,0,2,14
1416427830.1699,pg_catalog,pg_constraint,pg_constraint_conname_nsp_index,0,0,0,2,14
1416427830.1699,pg_catalog,pg_inherits,pg_inherits_parent_index,0,0,0,0,0
1416427830.1699,pg_catalog,pg_inherits,pg_inherits_relid_seqno_index,49,0,0,26,23
1416427830.1699,pg_catalog,pg_index,pg_index_indexrelid_index,12872,12913,12872,31,14481
1416427830.1699,pg_catalog,pg_index,pg_index_indrelid_index,3501,10775,10775,74,4303
1416427830.1699,pg_catalog,pg_opfamily,pg_opfamily_oid_index,0,0,0,0,0
1416427830.1699,pg_catalog,pg_opfamily,pg_opfamily_am_name_nsp_index,0,0,0,0,0
1416427830.1699,pg_catalog,pg_opclass,pg_opclass_oid_index,7699,7699,7699,31,9267
1416427830.1699,pg_catalog,pg_opclass,pg_opclass_am_name_nsp_index,2298,95607,95607,87,2864
1416427830.1699,pg_catalog,pg_am,pg_am_oid_index,0,0,0,0,0
1416427830.1699,pg_catalog,pg_am,pg_am_name_index,0,0,0,0,0
1416427830.1699,pg_catalog,pg_amop,pg_amop_oid_index,0,0,0,0,0
1416427830.1699,pg_catalog,pg_amop,pg_amop_opr_fam_index,5486,15134,15134,104,11943
1416427830.1699,pg_catalog,pg_amop,pg_amop_fam_strat_index,7220,7220,7220,91,15085
1416427830.1699,pg_catalog,pg_amproc,pg_amproc_oid_index,0,0,0,0,0
1416427830.1699,pg_catalog,pg_amproc,pg_amproc_fam_proc_index,7477,22059,22059,66,16487
1416427830.1699,pg_catalog,pg_language,pg_language_oid_index,0,0,0,0,0
1416427830.1699,pg_catalog,pg_language,pg_language_name_index,0,0,0,0,0
1416427830.1699,pg_catalog,pg_largeobject_metadata,pg_largeobject_metadata_oid_index,0,0,0,0,0
1416427830.1699,pg_catalog,pg_aggregate,pg_aggregate_fnoid_index,812,812,812,119,1297
1416427830.1699,pg_catalog,pg_rewrite,pg_rewrite_rel_rulename_index,311,285,259,52,480
1416427830.1699,pg_catalog,pg_rewrite,pg_rewrite_oid_index,78,52,52,35,95
1416427830.1699,pg_catalog,pg_trigger,pg_trigger_oid_index,0,0,0,0,0
1416427830.1699,pg_catalog,pg_trigger,pg_trigger_tgrelid_tgname_index,0,0,0,0,0
1416427830.1699,pg_catalog,pg_trigger,pg_trigger_tgconstraint_index,0,0,0,0,0
1416427830.1699,pg_catalog,pg_event_trigger,pg_event_trigger_oid_index,0,0,0,0,0
1416427830.1699,pg_catalog,pg_event_trigger,pg_event_trigger_evtname_index,107,0,0,25,82
1416427830.1699,pg_catalog,pg_description,pg_description_o_c_o_index,221,0,0,76,415
1416427830.1699,pg_catalog,pg_cast,pg_cast_source_target_index,50676,12132,12132,33,52119
1416427830.1699,pg_catalog,pg_cast,pg_cast_oid_index,0,0,0,0,0
1416427830.1699,pg_catalog,pg_database,pg_database_oid_index,1997,1996,1996,30,3561
1416427830.1699,pg_catalog,pg_database,pg_database_datname_index,3122,3121,3121,29,4683
1416427830.1699,pg_catalog,pg_namespace,pg_namespace_oid_index,178,174,174,47,266
1416427830.1699,pg_catalog,pg_namespace,pg_namespace_nspname_index,4310,2756,2756,32,5832
1416427830.1699,pg_catalog,pg_conversion,pg_conversion_oid_index,0,0,0,0,0
1416427830.1699,pg_catalog,pg_conversion,pg_conversion_name_nsp_index,0,0,0,0,0
1416427830.1699,pg_catalog,pg_conversion,pg_conversion_default_index,0,0,0,0,0
1416427830.1699,pg_catalog,pg_db_role_setting,pg_db_role_setting_databaseid_rol_index,6372,0,0,14,6358
1416427830.1699,pg_catalog,pg_tablespace,pg_tablespace_spcname_index,0,0,0,3,3
1416427830.1699,pg_catalog,pg_tablespace,pg_tablespace_oid_index,1091,1091,1091,44,2138
1416427830.1699,pg_catalog,pg_pltemplate,pg_pltemplate_name_index,0,0,0,0,0
1416427830.1699,pg_catalog,pg_auth_members,pg_auth_members_member_role_index,0,0,0,0,0
1416427830.1699,pg_catalog,pg_auth_members,pg_auth_members_role_member_index,0,0,0,0,0
1416427830.1699,pg_catalog,pg_shdepend,pg_shdepend_reference_index,54,54,54,48,56
1416427830.1699,pg_catalog,pg_shdepend,pg_shdepend_depender_index,157,0,0,49,148
1416427830.1699,pg_catalog,pg_shdescription,pg_shdescription_o_c_index,0,0,0,0,0
1416427830.1699,pg_catalog,pg_ts_config,pg_ts_config_oid_index,0,0,0,0,0
1416427830.1699,pg_catalog,pg_ts_config,pg_ts_config_cfgname_index,0,0,0,0,0
1416427830.1699,pg_catalog,pg_ts_config_map,pg_ts_config_map_index,0,0,0,0,0
1416427830.1699,pg_catalog,pg_ts_dict,pg_ts_dict_oid_index,0,0,0,0,0
1416427830.1699,pg_catalog,pg_ts_dict,pg_ts_dict_dictname_index,0,0,0,0,0
1416427830.1699,pg_catalog,pg_ts_parser,pg_ts_parser_oid_index,0,0,0,0,0
1416427830.1699,pg_catalog,pg_ts_parser,pg_ts_parser_prsname_index,0,0,0,0,0
1416427830.1699,pg_catalog,pg_ts_template,pg_ts_template_oid_index,0,0,0,0,0
1416427830.1699,pg_catalog,pg_ts_template,pg_ts_template_tmplname_index,0,0,0,0,0
1416427830.1699,pg_catalog,pg_extension,pg_extension_name_index,0,0,0,0,0
1416427830.1699,pg_catalog,pg_extension,pg_extension_oid_index,0,0,0,0,0
1416427830.1699,pg_catalog,pg_foreign_data_wrapper,pg_foreign_data_wrapper_name_index,0,0,0,0,0
1416427830.1699,pg_catalog,pg_foreign_data_wrapper,pg_foreign_data_wrapper_oid_index,0,0,0,0,0
1416427830.1699,pg_catalog,pg_foreign_server,pg_foreign_server_name_index,0,0,0,0,0
1416427830.1699,pg_catalog,pg_foreign_server,pg_foreign_server_oid_index,0,0,0,0,0
1416427830.1699,pg_catalog,pg_foreign_table,pg_foreign_table_relid_index,0,0,0,0,0
1416427830.1699,pg_catalog,pg_rowsecurity,pg_rowsecurity_polname_relid_index,0,0,0,0,0
1416427830.1699,pg_catalog,pg_rowsecurity,pg_rowsecurity_oid_index,0,0,0,0,0
1416427830.1699,pg_catalog,pg_default_acl,pg_default_acl_oid_index,0,0,0,0,0
1416427830.1699,pg_catalog,pg_default_acl,pg_default_acl_role_nsp_obj_index,236,0,0,23,213
1416427830.1699,pg_catalog,pg_seclabel,pg_seclabel_object_index,221,0,0,25,196
1416427830.1699,pg_catalog,pg_shseclabel,pg_shseclabel_object_index,0,0,0,0,0
1416427830.1699,pg_catalog,pg_collation,pg_collation_oid_index,0,0,0,0,0
1416427830.1699,pg_catalog,pg_collation,pg_collation_name_enc_nsp_index,0,0,0,0,0
1416427830.1699,pg_catalog,pg_range,pg_range_rngtypid_index,365,0,0,116,614
1416427830.1699,pg_toast,pg_toast_12698,pg_toast_12698_index,0,0,0,0,0
1416427830.1699,pg_toast,pg_toast_12703,pg_toast_12703_index,0,0,0,0,0
1416427830.1699,pg_toast,pg_toast_12708,pg_toast_12708_index,0,0,0,0,0
1416427830.1699,pg_toast,pg_toast_12713,pg_toast_12713_index,0,0,0,0,0
1416427830.1699,pg_toast,pg_toast_12718,pg_toast_12718_index,0,0,0,0,0
1416427830.1699,pg_toast,pg_toast_12723,pg_toast_12723_index,0,0,0,0,0
1416427830.1699,pg_catalog,pg_class,pg_class_tblspc_relfilenode_index,0,0,0,82,309
1416427830.1699,pg_catalog,pg_class,pg_class_relname_nsp_index,5876,3024,3001,142,13357
1416427830.1699,pg_catalog,pg_class,pg_class_oid_index,31921,31821,31821,102,65605
1416427830.1699,pg_catalog,pg_operator,pg_operator_oprname_l_r_n_index,5264,54833,54833,126,11540
1416427830.1699,pg_catalog,pg_operator,pg_operator_oid_index,6285,6285,6285,108,13587
1416427830.1699,pg_catalog,pg_enum,pg_enum_typid_sortorder_index,0,0,0,0,0
1416427830.1699,pg_catalog,pg_enum,pg_enum_typid_label_index,0,0,0,0,0
1416427830.1699,pg_catalog,pg_enum,pg_enum_oid_index,0,0,0,0,0
1416427830.1699,pg_catalog,pg_depend,pg_depend_reference_index,1765,1891,1616,360,4082
1416427830.1699,pg_catalog,pg_depend,pg_depend_depender_index,466,750,750,182,1660
1416427830.1699,pg_toast,pg_toast_12693,pg_toast_12693_index,0,0,0,0,0
1416427890.17087,pg_catalog,pg_statistic,pg_statistic_relid_att_inh_index,8248,7856,7853,87,18087
1416427890.17087,pg_catalog,pg_type,pg_type_typname_nsp_index,993,752,707,268,2405
1416427890.17087,pg_catalog,pg_type,pg_type_oid_index,35596,35480,35480,84,72931
1416427890.17087,pg_toast,pg_toast_2619,pg_toast_2619_index,5571,19113,19113,78,6579
1416427890.17087,pg_toast,pg_toast_1255,pg_toast_1255_index,0,0,0,0,0
1416427890.17087,pg_toast,pg_toast_2604,pg_toast_2604_index,0,0,0,0,0
1416427890.17087,pg_toast,pg_toast_2606,pg_toast_2606_index,0,0,0,0,0
1416427890.17087,pg_toast,pg_toast_2618,pg_toast_2618_index,173,552,552,34,246
1416427890.17087,pg_toast,pg_toast_2620,pg_toast_2620_index,0,0,0,0,0
1416427890.17087,pg_toast,pg_toast_2609,pg_toast_2609_index,0,0,0,0,0
1416427890.17087,pg_toast,pg_toast_2964,pg_toast_2964_index,0,0,0,0,0
1416427890.17087,pg_toast,pg_toast_2396,pg_toast_2396_index,0,0,0,0,0
1416427890.17087,pg_toast,pg_toast_3596,pg_toast_3596_index,0,0,0,0,0
1416427890.17087,pg_catalog,pg_authid,pg_authid_oid_index,1602,1602,1602,34,3170
1416427890.17087,pg_catalog,pg_authid,pg_authid_rolname_index,1595,1595,1595,34,3156
1416427890.17087,pg_catalog,pg_largeobject,pg_largeobject_loid_pn_index,0,0,0,0,0
1416427890.17087,pg_catalog,pg_user_mapping,pg_user_mapping_user_server_index,0,0,0,0,0
1416427890.17087,pg_catalog,pg_user_mapping,pg_user_mapping_oid_index,0,0,0,0,0
1416427890.17087,pg_catalog,pg_attribute,pg_attribute_relid_attnum_index,31597,71566,71491,186,65744
1416427890.17087,pg_catalog,pg_attribute,pg_attribute_relid_attnam_index,78,78,78,72,1204
1416427890.17087,pg_catalog,pg_proc,pg_proc_proname_args_nsp_index,1865,8421,8421,302,4868
1416427890.17087,pg_catalog,pg_proc,pg_proc_oid_index,11592,11592,11592,197,24470
1416427890.17087,pg_catalog,pg_attrdef,pg_attrdef_oid_index,0,0,0,0,0
1416427890.17087,pg_catalog,pg_attrdef,pg_attrdef_adrelid_adnum_index,0,0,0,0,0
1416427890.17087,pg_catalog,pg_constraint,pg_constraint_oid_index,22,8,8,4,54
1416427890.17087,pg_catalog,pg_constraint,pg_constraint_contypid_index,0,0,0,4,24
1416427890.17087,pg_catalog,pg_constraint,pg_constraint_conrelid_index,0,0,0,4,24
1416427890.17087,pg_catalog,pg_constraint,pg_constraint_conname_nsp_index,0,0,0,4,24
1416427890.17087,pg_catalog,pg_inherits,pg_inherits_parent_index,0,0,0,0,0
1416427890.17087,pg_catalog,pg_inherits,pg_inherits_relid_seqno_index,49,0,0,26,23
1416427890.17087,pg_catalog,pg_index,pg_index_indexrelid_index,13159,13228,13159,31,14816
1416427890.17087,pg_catalog,pg_index,pg_index_indrelid_index,3618,11022,11022,74,4467
1416427890.17087,pg_catalog,pg_opfamily,pg_opfamily_oid_index,0,0,0,0,0
1416427890.17087,pg_catalog,pg_opfamily,pg_opfamily_am_name_nsp_index,0,0,0,0,0
1416427890.17087,pg_catalog,pg_opclass,pg_opclass_oid_index,7850,7850,7850,31,9447
1416427890.17087,pg_catalog,pg_opclass,pg_opclass_am_name_nsp_index,2374,98824,98824,87,2967
1416427890.17087,pg_catalog,pg_am,pg_am_oid_index,0,0,0,0,0
1416427890.17087,pg_catalog,pg_am,pg_am_name_index,0,0,0,0,0
1416427890.17087,pg_catalog,pg_amop,pg_amop_oid_index,0,0,0,0,0
1416427890.17087,pg_catalog,pg_amop,pg_amop_opr_fam_index,5527,15225,15225,104,12035
1416427890.17087,pg_catalog,pg_amop,pg_amop_fam_strat_index,7334,7334,7334,92,15322
1416427890.17087,pg_catalog,pg_amproc,pg_amproc_oid_index,0,0,0,0,0
1416427890.17087,pg_catalog,pg_amproc,pg_amproc_fam_proc_index,7619,22319,22319,66,16800
1416427890.17087,pg_catalog,pg_language,pg_language_oid_index,0,0,0,0,0
1416427890.17087,pg_catalog,pg_language,pg_language_name_index,0,0,0,0,0
1416427890.17087,pg_catalog,pg_largeobject_metadata,pg_largeobject_metadata_oid_index,0,0,0,0,0
1416427890.17087,pg_catalog,pg_aggregate,pg_aggregate_fnoid_index,813,813,813,121,1297
1416427890.17087,pg_catalog,pg_rewrite,pg_rewrite_rel_rulename_index,317,291,265,52,490
1416427890.17087,pg_catalog,pg_rewrite,pg_rewrite_oid_index,78,52,52,35,95
1416427890.17087,pg_catalog,pg_trigger,pg_trigger_oid_index,0,0,0,0,0
1416427890.17087,pg_catalog,pg_trigger,pg_trigger_tgrelid_tgname_index,0,0,0,0,0
1416427890.17087,pg_catalog,pg_trigger,pg_trigger_tgconstraint_index,0,0,0,0,0
1416427890.17087,pg_catalog,pg_event_trigger,pg_event_trigger_oid_index,0,0,0,0,0
1416427890.17087,pg_catalog,pg_event_trigger,pg_event_trigger_evtname_index,124,0,0,25,99
1416427890.17087,pg_catalog,pg_description,pg_description_o_c_o_index,221,0,0,76,415
1416427890.17087,pg_catalog,pg_cast,pg_cast_source_target_index,51892,12364,12364,33,53363
1416427890.17087,pg_catalog,pg_cast,pg_cast_oid_index,0,0,0,0,0
1416427890.17087,pg_catalog,pg_database,pg_database_oid_index,2083,2082,2082,32,3711
1416427890.17087,pg_catalog,pg_database,pg_database_datname_index,3253,3252,3252,31,4877
1416427890.17087,pg_catalog,pg_namespace,pg_namespace_oid_index,181,177,177,47,272
1416427890.17087,pg_catalog,pg_namespace,pg_namespace_nspname_index,4376,2791,2791,32,5929
1416427890.17087,pg_catalog,pg_conversion,pg_conversion_oid_index,0,0,0,0,0
1416427890.17087,pg_catalog,pg_conversion,pg_conversion_name_nsp_index,0,0,0,0,0
1416427890.17087,pg_catalog,pg_conversion,pg_conversion_default_index,0,0,0,0,0
1416427890.17087,pg_catalog,pg_db_role_setting,pg_db_role_setting_databaseid_rol_index,6636,0,0,15,6621
1416427890.17087,pg_catalog,pg_tablespace,pg_tablespace_spcname_index,0,0,0,4,4
1416427890.17087,pg_catalog,pg_tablespace,pg_tablespace_oid_index,1098,1098,1098,46,2150
1416427890.17087,pg_catalog,pg_pltemplate,pg_pltemplate_name_index,0,0,0,0,0
1416427890.17087,pg_catalog,pg_auth_members,pg_auth_members_member_role_index,0,0,0,0,0
1416427890.17087,pg_catalog,pg_auth_members,pg_auth_members_role_member_index,0,0,0,0,0
1416427890.17087,pg_catalog,pg_shdepend,pg_shdepend_reference_index,64,64,64,50,74
1416427890.17087,pg_catalog,pg_shdepend,pg_shdepend_depender_index,222,0,0,51,221
1416427890.17087,pg_catalog,pg_shdescription,pg_shdescription_o_c_index,0,0,0,0,0
1416427890.17087,pg_catalog,pg_ts_config,pg_ts_config_oid_index,0,0,0,0,0
1416427890.17087,pg_catalog,pg_ts_config,pg_ts_config_cfgname_index,0,0,0,0,0
1416427890.17087,pg_catalog,pg_ts_config_map,pg_ts_config_map_index,0,0,0,0,0
1416427890.17087,pg_catalog,pg_ts_dict,pg_ts_dict_oid_index,0,0,0,0,0
1416427890.17087,pg_catalog,pg_ts_dict,pg_ts_dict_dictname_index,0,0,0,0,0
1416427890.17087,pg_catalog,pg_ts_parser,pg_ts_parser_oid_index,0,0,0,0,0
1416427890.17087,pg_catalog,pg_ts_parser,pg_ts_parser_prsname_index,0,0,0,0,0
1416427890.17087,pg_catalog,pg_ts_template,pg_ts_template_oid_index,0,0,0,0,0
1416427890.17087,pg_catalog,pg_ts_template,pg_ts_template_tmplname_index,0,0,0,0,0
1416427890.17087,pg_catalog,pg_extension,pg_extension_name_index,0,0,0,0,0
1416427890.17087,pg_catalog,pg_extension,pg_extension_oid_index,0,0,0,0,0
1416427890.17087,pg_catalog,pg_foreign_data_wrapper,pg_foreign_data_wrapper_name_index,0,0,0,0,0
1416427890.17087,pg_catalog,pg_foreign_data_wrapper,pg_foreign_data_wrapper_oid_index,0,0,0,0,0
1416427890.17087,pg_catalog,pg_foreign_server,pg_foreign_server_name_index,0,0,0,0,0
1416427890.17087,pg_catalog,pg_foreign_server,pg_foreign_server_oid_index,0,0,0,0,0
1416427890.17087,pg_catalog,pg_foreign_table,pg_foreign_table_relid_index,0,0,0,0,0
1416427890.17087,pg_catalog,pg_rowsecurity,pg_rowsecurity_polname_relid_index,0,0,0,0,0
1416427890.17087,pg_catalog,pg_rowsecurity,pg_rowsecurity_oid_index,0,0,0,0,0
1416427890.17087,pg_catalog,pg_default_acl,pg_default_acl_oid_index,0,0,0,0,0
1416427890.17087,pg_catalog,pg_default_acl,pg_default_acl_role_nsp_obj_index,236,0,0,23,213
1416427890.17087,pg_catalog,pg_seclabel,pg_seclabel_object_index,221,0,0,25,196
1416427890.17087,pg_catalog,pg_shseclabel,pg_shseclabel_object_index,0,0,0,0,0
1416427890.17087,pg_catalog,pg_collation,pg_collation_oid_index,0,0,0,0,0
1416427890.17087,pg_catalog,pg_collation,pg_collation_name_enc_nsp_index,0,0,0,0,0
1416427890.17087,pg_catalog,pg_range,pg_range_rngtypid_index,365,0,0,116,614
1416427890.17087,pg_toast,pg_toast_12698,pg_toast_12698_index,0,0,0,0,0
1416427890.17087,pg_toast,pg_toast_12703,pg_toast_12703_index,0,0,0,0,0
1416427890.17087,pg_toast,pg_toast_12708,pg_toast_12708_index,0,0,0,0,0
1416427890.17087,pg_toast,pg_toast_12713,pg_toast_12713_index,0,0,0,0,0
1416427890.17087,pg_toast,pg_toast_12718,pg_toast_12718_index,0,0,0,0,0
1416427890.17087,pg_toast,pg_toast_12723,pg_toast_12723_index,0,0,0,0,0
1416427890.17087,pg_catalog,pg_class,pg_class_tblspc_relfilenode_index,0,0,0,82,363
1416427890.17087,pg_catalog,pg_class,pg_class_relname_nsp_index,5962,3083,3043,142,13594
1416427890.17087,pg_catalog,pg_class,pg_class_oid_index,32760,32643,32643,102,67350
1416427890.17087,pg_catalog,pg_operator,pg_operator_oprname_l_r_n_index,5271,54896,54896,127,11559
1416427890.17087,pg_catalog,pg_operator,pg_operator_oid_index,6335,6335,6335,108,13700
1416427890.17087,pg_catalog,pg_enum,pg_enum_typid_sortorder_index,0,0,0,0,0
1416427890.17087,pg_catalog,pg_enum,pg_enum_typid_label_index,0,0,0,0,0
1416427890.17087,pg_catalog,pg_enum,pg_enum_oid_index,0,0,0,0,0
1416427890.17087,pg_catalog,pg_depend,pg_depend_reference_index,1835,1957,1680,364,4303
1416427890.17087,pg_catalog,pg_depend,pg_depend_depender_index,466,750,750,182,1745
1416427890.17087,pg_toast,pg_toast_12693,pg_toast_12693_index,0,0,0,0,0
1416427890.17087,public,supplier,supplier_s_nationkey_s_suppkey_brin_idx,0,0,0,0,3
1416427890.17087,public,supplier,pk_supplier,0,0,0,275,0
1416427890.17087,public,supplier,supplier_s_suppkey_idx_like,0,0,0,1,0
1416427890.17087,public,part,part_p_type_p_partkey_idx,0,0,0,11519,0
1416427890.17087,public,part,part_p_name_idx,0,0,0,13604,0
1416427890.17087,public,part,part_p_container_p_brand_p_partkey_idx,0,0,0,12144,0
1416427890.17087,public,part,part_p_size_brin_idx,0,0,0,0,3
1416427890.17087,public,part,pk_part,0,0,0,5486,0
1416427890.17087,public,partsupp,partsupp_ps_suppkey_idx,0,0,0,0,6
1416427890.17087,public,partsupp,pk_partsupp,0,0,0,21936,0
1416427890.17087,public,customer,pk_customer,0,0,0,4115,0
1416427890.17087,public,customer,customer_c_phone_idx_c_acctbal,0,0,0,3741,0
1416427890.17087,public,customer,customer_c_phone_idx,0,0,0,4115,0
1416427890.17087,public,customer,customer_c_nationkey_c_custkey_brin_idx,0,0,0,0,3
1416427890.17087,public,customer,customer_c_mktsegment_c_custkey_idx,0,0,0,5778,0
1416427890.17087,public,nation,pk_nation,0,0,0,1,0
1416427890.17087,public,region,pk_region,0,0,0,1,0
1416427950.17409,pg_catalog,pg_statistic,pg_statistic_relid_att_inh_index,8282,7875,7872,87,18179
1416427950.17409,pg_catalog,pg_type,pg_type_typname_nsp_index,993,752,707,268,2405
1416427950.17409,pg_catalog,pg_type,pg_type_oid_index,35704,35588,35588,84,73157
1416427950.17409,pg_toast,pg_toast_2619,pg_toast_2619_index,5584,19119,19119,78,6633
1416427950.17409,pg_toast,pg_toast_1255,pg_toast_1255_index,0,0,0,0,0
1416427950.17409,pg_toast,pg_toast_2604,pg_toast_2604_index,0,0,0,0,0
1416427950.17409,pg_toast,pg_toast_2606,pg_toast_2606_index,0,0,0,0,0
1416427950.17409,pg_toast,pg_toast_2618,pg_toast_2618_index,178,568,568,34,254
1416427950.17409,pg_toast,pg_toast_2620,pg_toast_2620_index,0,0,0,0,0
1416427950.17409,pg_toast,pg_toast_2609,pg_toast_2609_index,0,0,0,0,0
1416427950.17409,pg_toast,pg_toast_2964,pg_toast_2964_index,0,0,0,0,0
1416427950.17409,pg_toast,pg_toast_2396,pg_toast_2396_index,0,0,0,0,0
1416427950.17409,pg_toast,pg_toast_3596,pg_toast_3596_index,0,0,0,0,0
1416427950.17409,pg_catalog,pg_authid,pg_authid_oid_index,1611,1611,1611,34,3188
1416427950.17409,pg_catalog,pg_authid,pg_authid_rolname_index,1604,1604,1604,34,3174
1416427950.17409,pg_catalog,pg_largeobject,pg_largeobject_loid_pn_index,0,0,0,0,0
1416427950.17409,pg_catalog,pg_user_mapping,pg_user_mapping_user_server_index,0,0,0,0,0
1416427950.17409,pg_catalog,pg_user_mapping,pg_user_mapping_oid_index,0,0,0,0,0
1416427950.17409,pg_catalog,pg_attribute,pg_attribute_relid_attnum_index,31857,72090,72008,186,66288
1416427950.17409,pg_catalog,pg_attribute,pg_attribute_relid_attnam_index,83,83,83,72,1229
1416427950.17409,pg_catalog,pg_proc,pg_proc_proname_args_nsp_index,1875,8466,8466,302,4893
1416427950.17409,pg_catalog,pg_proc,pg_proc_oid_index,11660,11660,11660,197,24611
1416427950.17409,pg_catalog,pg_attrdef,pg_attrdef_oid_index,0,0,0,0,0
1416427950.17409,pg_catalog,pg_attrdef,pg_attrdef_adrelid_adnum_index,0,0,0,0,0
1416427950.17409,pg_catalog,pg_constraint,pg_constraint_oid_index,23,8,8,4,57
1416427950.17409,pg_catalog,pg_constraint,pg_constraint_contypid_index,0,0,0,4,26
1416427950.17409,pg_catalog,pg_constraint,pg_constraint_conrelid_index,0,0,0,4,26
1416427950.17409,pg_catalog,pg_constraint,pg_constraint_conname_nsp_index,0,0,0,4,26
1416427950.17409,pg_catalog,pg_inherits,pg_inherits_parent_index,0,0,0,0,0
1416427950.17409,pg_catalog,pg_inherits,pg_inherits_relid_seqno_index,49,0,0,26,23
1416427950.17409,pg_catalog,pg_index,pg_index_indexrelid_index,13214,13283,13214,31,14884
1416427950.17409,pg_catalog,pg_index,pg_index_indrelid_index,3651,11087,11087,74,4512
1416427950.17409,pg_catalog,pg_opfamily,pg_opfamily_oid_index,0,0,0,0,0
1416427950.17409,pg_catalog,pg_opfamily,pg_opfamily_am_name_nsp_index,0,0,0,0,0
1416427950.17409,pg_catalog,pg_opclass,pg_opclass_oid_index,7889,7889,7889,31,9496
1416427950.17409,pg_catalog,pg_opclass,pg_opclass_am_name_nsp_index,2388,99367,99367,87,2988
1416427950.17409,pg_catalog,pg_am,pg_am_oid_index,0,0,0,0,0
1416427950.17409,pg_catalog,pg_am,pg_am_name_index,0,0,0,0,0
1416427950.17409,pg_catalog,pg_amop,pg_amop_oid_index,0,0,0,0,0
1416427950.17409,pg_catalog,pg_amop,pg_amop_opr_fam_index,5544,15267,15267,104,12074
1416427950.17409,pg_catalog,pg_amop,pg_amop_fam_strat_index,7370,7370,7370,92,15399
1416427950.17409,pg_catalog,pg_amproc,pg_amproc_oid_index,0,0,0,0,0
1416427950.17409,pg_catalog,pg_amproc,pg_amproc_fam_proc_index,7657,22417,22417,66,16886
1416427950.17409,pg_catalog,pg_language,pg_language_oid_index,0,0,0,0,0
1416427950.17409,pg_catalog,pg_language,pg_language_name_index,0,0,0,0,0
1416427950.17409,pg_catalog,pg_largeobject_metadata,pg_largeobject_metadata_oid_index,0,0,0,0,0
1416427950.17409,pg_catalog,pg_aggregate,pg_aggregate_fnoid_index,814,814,814,121,1299
1416427950.17409,pg_catalog,pg_rewrite,pg_rewrite_rel_rulename_index,324,298,272,52,502
1416427950.17409,pg_catalog,pg_rewrite,pg_rewrite_oid_index,78,52,52,35,95
1416427950.17409,pg_catalog,pg_trigger,pg_trigger_oid_index,0,0,0,0,0
1416427950.17409,pg_catalog,pg_trigger,pg_trigger_tgrelid_tgname_index,0,0,0,0,0
1416427950.17409,pg_catalog,pg_trigger,pg_trigger_tgconstraint_index,0,0,0,0,0
1416427950.17409,pg_catalog,pg_event_trigger,pg_event_trigger_oid_index,0,0,0,0,0
1416427950.17409,pg_catalog,pg_event_trigger,pg_event_trigger_evtname_index,127,0,0,25,102
1416427950.17409,pg_catalog,pg_description,pg_description_o_c_o_index,221,0,0,76,415
1416427950.17409,pg_catalog,pg_cast,pg_cast_source_target_index,52075,12422,12422,33,53555
1416427950.17409,pg_catalog,pg_cast,pg_cast_oid_index,0,0,0,0,0
1416427950.17409,pg_catalog,pg_database,pg_database_oid_index,2106,2105,2105,32,3745
1416427950.17409,pg_catalog,pg_database,pg_database_datname_index,3273,3272,3272,31,4908
1416427950.17409,pg_catalog,pg_namespace,pg_namespace_oid_index,313,309,309,47,406
1416427950.17409,pg_catalog,pg_namespace,pg_namespace_nspname_index,4401,2806,2806,32,5964
1416427950.17409,pg_catalog,pg_conversion,pg_conversion_oid_index,0,0,0,0,0
1416427950.17409,pg_catalog,pg_conversion,pg_conversion_name_nsp_index,0,0,0,0,0
1416427950.17409,pg_catalog,pg_conversion,pg_conversion_default_index,0,0,0,0,0
1416427950.17409,pg_catalog,pg_db_role_setting,pg_db_role_setting_databaseid_rol_index,6680,0,0,15,6665
1416427950.17409,pg_catalog,pg_tablespace,pg_tablespace_spcname_index,0,0,0,4,4
1416427950.17409,pg_catalog,pg_tablespace,pg_tablespace_oid_index,1103,1103,1103,46,2160
1416427950.17409,pg_catalog,pg_pltemplate,pg_pltemplate_name_index,0,0,0,0,0
1416427950.17409,pg_catalog,pg_auth_members,pg_auth_members_member_role_index,0,0,0,0,0
1416427950.17409,pg_catalog,pg_auth_members,pg_auth_members_role_member_index,0,0,0,0,0
1416427950.17409,pg_catalog,pg_shdepend,pg_shdepend_reference_index,64,64,64,50,74
1416427950.17409,pg_catalog,pg_shdepend,pg_shdepend_depender_index,222,0,0,51,221
1416427950.17409,pg_catalog,pg_shdescription,pg_shdescription_o_c_index,0,0,0,0,0
1416427950.17409,pg_catalog,pg_ts_config,pg_ts_config_oid_index,0,0,0,0,0
1416427950.17409,pg_catalog,pg_ts_config,pg_ts_config_cfgname_index,0,0,0,0,0
1416427950.17409,pg_catalog,pg_ts_config_map,pg_ts_config_map_index,0,0,0,0,0
1416427950.17409,pg_catalog,pg_ts_dict,pg_ts_dict_oid_index,0,0,0,0,0
1416427950.17409,pg_catalog,pg_ts_dict,pg_ts_dict_dictname_index,0,0,0,0,0
1416427950.17409,pg_catalog,pg_ts_parser,pg_ts_parser_oid_index,0,0,0,0,0
1416427950.17409,pg_catalog,pg_ts_parser,pg_ts_parser_prsname_index,0,0,0,0,0
1416427950.17409,pg_catalog,pg_ts_template,pg_ts_template_oid_index,0,0,0,0,0
1416427950.17409,pg_catalog,pg_ts_template,pg_ts_template_tmplname_index,0,0,0,0,0
1416427950.17409,pg_catalog,pg_extension,pg_extension_name_index,0,0,0,0,0
1416427950.17409,pg_catalog,pg_extension,pg_extension_oid_index,0,0,0,0,0
1416427950.17409,pg_catalog,pg_foreign_data_wrapper,pg_foreign_data_wrapper_name_index,0,0,0,0,0
1416427950.17409,pg_catalog,pg_foreign_data_wrapper,pg_foreign_data_wrapper_oid_index,0,0,0,0,0
1416427950.17409,pg_catalog,pg_foreign_server,pg_foreign_server_name_index,0,0,0,0,0
1416427950.17409,pg_catalog,pg_foreign_server,pg_foreign_server_oid_index,0,0,0,0,0
1416427950.17409,pg_catalog,pg_foreign_table,pg_foreign_table_relid_index,0,0,0,0,0
1416427950.17409,pg_catalog,pg_rowsecurity,pg_rowsecurity_polname_relid_index,0,0,0,0,0
1416427950.17409,pg_catalog,pg_rowsecurity,pg_rowsecurity_oid_index,0,0,0,0,0
1416427950.17409,pg_catalog,pg_default_acl,pg_default_acl_oid_index,0,0,0,0,0
1416427950.17409,pg_catalog,pg_default_acl,pg_default_acl_role_nsp_obj_index,236,0,0,23,213
1416427950.17409,pg_catalog,pg_seclabel,pg_seclabel_object_index,221,0,0,25,196
1416427950.17409,pg_catalog,pg_shseclabel,pg_shseclabel_object_index,0,0,0,0,0
1416427950.17409,pg_catalog,pg_collation,pg_collation_oid_index,0,0,0,0,0
1416427950.17409,pg_catalog,pg_collation,pg_collation_name_enc_nsp_index,0,0,0,0,0
1416427950.17409,pg_catalog,pg_range,pg_range_rngtypid_index,365,0,0,116,614
1416427950.17409,pg_toast,pg_toast_12698,pg_toast_12698_index,0,0,0,0,0
1416427950.17409,pg_toast,pg_toast_12703,pg_toast_12703_index,0,0,0,0,0
1416427950.17409,pg_toast,pg_toast_12708,pg_toast_12708_index,0,0,0,0,0
1416427950.17409,pg_toast,pg_toast_12713,pg_toast_12713_index,0,0,0,0,0
1416427950.17409,pg_toast,pg_toast_12718,pg_toast_12718_index,0,0,0,0,0
1416427950.17409,pg_toast,pg_toast_12723,pg_toast_12723_index,0,0,0,0,0
1416427950.17409,pg_catalog,pg_class,pg_class_tblspc_relfilenode_index,0,0,0,82,375
1416427950.17409,pg_catalog,pg_class,pg_class_relname_nsp_index,5985,3101,3058,142,13656
1416427950.17409,pg_catalog,pg_class,pg_class_oid_index,33143,33023,33023,102,68134
1416427950.17409,pg_catalog,pg_operator,pg_operator_oprname_l_r_n_index,5274,54899,54899,127,11568
1416427950.17409,pg_catalog,pg_operator,pg_operator_oid_index,6354,6354,6354,108,13744
1416427950.17409,pg_catalog,pg_enum,pg_enum_typid_sortorder_index,0,0,0,0,0
1416427950.17409,pg_catalog,pg_enum,pg_enum_typid_label_index,0,0,0,0,0
1416427950.17409,pg_catalog,pg_enum,pg_enum_oid_index,0,0,0,0,0
1416427950.17409,pg_catalog,pg_depend,pg_depend_reference_index,1846,1967,1690,364,4340
1416427950.17409,pg_catalog,pg_depend,pg_depend_depender_index,466,750,750,184,1761
1416427950.17409,pg_toast,pg_toast_12693,pg_toast_12693_index,0,0,0,0,0
1416427950.17409,public,supplier,supplier_s_nationkey_s_suppkey_brin_idx,0,0,0,0,3
1416427950.17409,public,supplier,pk_supplier,0,0,0,275,0
1416427950.17409,public,supplier,supplier_s_suppkey_idx_like,0,0,0,1,0
1416427950.17409,public,part,part_p_type_p_partkey_idx,0,0,0,11519,0
1416427950.17409,public,part,part_p_name_idx,0,0,0,13604,0
1416427950.17409,public,part,part_p_container_p_brand_p_partkey_idx,0,0,0,12144,0
1416427950.17409,public,part,part_p_size_brin_idx,0,0,0,0,3
1416427950.17409,public,part,pk_part,0,0,0,5486,0
1416427950.17409,public,partsupp,partsupp_ps_suppkey_idx,0,0,0,0,6
1416427950.17409,public,partsupp,pk_partsupp,0,0,0,21936,0
1416427950.17409,public,customer,pk_customer,0,0,0,4115,0
1416427950.17409,public,customer,customer_c_phone_idx_c_acctbal,0,0,0,3741,0
1416427950.17409,public,customer,customer_c_phone_idx,0,0,0,4115,0
1416427950.17409,public,customer,customer_c_nationkey_c_custkey_brin_idx,0,0,0,0,3
1416427950.17409,public,customer,customer_c_mktsegment_c_custkey_idx,0,0,0,5778,0
1416427950.17409,public,orders,orders_o_orderkey_o_orderdate_brin_idx,0,0,0,0,12
1416427950.17409,public,orders,orders_o_orderdate_o_orderkey_brin_idx,0,0,0,0,12
1416427950.17409,public,orders,pk_orders,0,0,0,41130,0
1416427950.17409,public,nation,pk_nation,0,0,0,1,0
1416427950.17409,public,region,pk_region,0,0,0,1,0
1416428010.17574,pg_catalog,pg_statistic,pg_statistic_relid_att_inh_index,8307,7894,7891,87,18234
1416428010.17574,pg_catalog,pg_type,pg_type_typname_nsp_index,993,752,707,268,2405
1416428010.17574,pg_catalog,pg_type,pg_type_oid_index,35796,35680,35680,84,73346
1416428010.17574,pg_toast,pg_toast_2619,pg_toast_2619_index,5587,19125,19125,78,6639
1416428010.17574,pg_toast,pg_toast_1255,pg_toast_1255_index,0,0,0,0,0
1416428010.17574,pg_toast,pg_toast_2604,pg_toast_2604_index,0,0,0,0,0
1416428010.17574,pg_toast,pg_toast_2606,pg_toast_2606_index,0,0,0,0,0
1416428010.17574,pg_toast,pg_toast_2618,pg_toast_2618_index,183,584,584,34,262
1416428010.17574,pg_toast,pg_toast_2620,pg_toast_2620_index,0,0,0,0,0
1416428010.17574,pg_toast,pg_toast_2609,pg_toast_2609_index,0,0,0,0,0
1416428010.17574,pg_toast,pg_toast_2964,pg_toast_2964_index,0,0,0,0,0
1416428010.17574,pg_toast,pg_toast_2396,pg_toast_2396_index,0,0,0,0,0
1416428010.17574,pg_toast,pg_toast_3596,pg_toast_3596_index,0,0,0,0,0
1416428010.17574,pg_catalog,pg_authid,pg_authid_oid_index,1616,1616,1616,34,3198
1416428010.17574,pg_catalog,pg_authid,pg_authid_rolname_index,1609,1609,1609,34,3184
1416428010.17574,pg_catalog,pg_largeobject,pg_largeobject_loid_pn_index,0,0,0,0,0
1416428010.17574,pg_catalog,pg_user_mapping,pg_user_mapping_user_server_index,0,0,0,0,0
1416428010.17574,pg_catalog,pg_user_mapping,pg_user_mapping_oid_index,0,0,0,0,0
1416428010.17574,pg_catalog,pg_attribute,pg_attribute_relid_attnum_index,32057,72413,72331,186,66693
1416428010.17574,pg_catalog,pg_attribute,pg_attribute_relid_attnam_index,83,83,83,72,1229
1416428010.17574,pg_catalog,pg_proc,pg_proc_proname_args_nsp_index,1885,8511,8511,302,4918
1416428010.17574,pg_catalog,pg_proc,pg_proc_oid_index,11728,11728,11728,197,24752
1416428010.17574,pg_catalog,pg_attrdef,pg_attrdef_oid_index,0,0,0,0,0
1416428010.17574,pg_catalog,pg_attrdef,pg_attrdef_adrelid_adnum_index,0,0,0,0,0
1416428010.17574,pg_catalog,pg_constraint,pg_constraint_oid_index,23,8,8,4,57
1416428010.17574,pg_catalog,pg_constraint,pg_constraint_contypid_index,0,0,0,4,26
1416428010.17574,pg_catalog,pg_constraint,pg_constraint_conrelid_index,0,0,0,4,26
1416428010.17574,pg_catalog,pg_constraint,pg_constraint_conname_nsp_index,0,0,0,4,26
1416428010.17574,pg_catalog,pg_inherits,pg_inherits_parent_index,0,0,0,0,0
1416428010.17574,pg_catalog,pg_inherits,pg_inherits_relid_seqno_index,49,0,0,26,23
1416428010.17574,pg_catalog,pg_index,pg_index_indexrelid_index,13239,13308,13239,31,14912
1416428010.17574,pg_catalog,pg_index,pg_index_indrelid_index,3667,11116,11116,74,4533
1416428010.17574,pg_catalog,pg_opfamily,pg_opfamily_oid_index,0,0,0,0,0
1416428010.17574,pg_catalog,pg_opfamily,pg_opfamily_am_name_nsp_index,0,0,0,0,0
1416428010.17574,pg_catalog,pg_opclass,pg_opclass_oid_index,7900,7900,7900,31,9510
1416428010.17574,pg_catalog,pg_opclass,pg_opclass_am_name_nsp_index,2392,99538,99538,87,2995
1416428010.17574,pg_catalog,pg_am,pg_am_oid_index,0,0,0,0,0
1416428010.17574,pg_catalog,pg_am,pg_am_name_index,0,0,0,0,0
1416428010.17574,pg_catalog,pg_amop,pg_amop_oid_index,0,0,0,0,0
1416428010.17574,pg_catalog,pg_amop,pg_amop_opr_fam_index,5556,15298,15298,104,12102
1416428010.17574,pg_catalog,pg_amop,pg_amop_fam_strat_index,7391,7391,7391,92,15445
1416428010.17574,pg_catalog,pg_amproc,pg_amproc_oid_index,0,0,0,0,0
1416428010.17574,pg_catalog,pg_amproc,pg_amproc_fam_proc_index,7671,22438,22438,66,16917
1416428010.17574,pg_catalog,pg_language,pg_language_oid_index,0,0,0,0,0
1416428010.17574,pg_catalog,pg_language,pg_language_name_index,0,0,0,0,0
1416428010.17574,pg_catalog,pg_largeobject_metadata,pg_largeobject_metadata_oid_index,0,0,0,0,0
1416428010.17574,pg_catalog,pg_aggregate,pg_aggregate_fnoid_index,815,815,815,121,1301
1416428010.17574,pg_catalog,pg_rewrite,pg_rewrite_rel_rulename_index,331,305,279,52,514
1416428010.17574,pg_catalog,pg_rewrite,pg_rewrite_oid_index,78,52,52,35,95
1416428010.17574,pg_catalog,pg_trigger,pg_trigger_oid_index,0,0,0,0,0
1416428010.17574,pg_catalog,pg_trigger,pg_trigger_tgrelid_tgname_index,0,0,0,0,0
1416428010.17574,pg_catalog,pg_trigger,pg_trigger_tgconstraint_index,0,0,0,0,0
1416428010.17574,pg_catalog,pg_event_trigger,pg_event_trigger_oid_index,0,0,0,0,0
1416428010.17574,pg_catalog,pg_event_trigger,pg_event_trigger_evtname_index,127,0,0,25,102
1416428010.17574,pg_catalog,pg_description,pg_description_o_c_o_index,221,0,0,76,415
1416428010.17574,pg_catalog,pg_cast,pg_cast_source_target_index,52144,12450,12450,33,53629
1416428010.17574,pg_catalog,pg_cast,pg_cast_oid_index,0,0,0,0,0
1416428010.17574,pg_catalog,pg_database,pg_database_oid_index,2123,2122,2122,32,3769
1416428010.17574,pg_catalog,pg_database,pg_database_datname_index,3285,3284,3284,31,4927
1416428010.17574,pg_catalog,pg_namespace,pg_namespace_oid_index,448,444,444,47,543
1416428010.17574,pg_catalog,pg_namespace,pg_namespace_nspname_index,4416,2816,2816,32,5984
1416428010.17574,pg_catalog,pg_conversion,pg_conversion_oid_index,0,0,0,0,0
1416428010.17574,pg_catalog,pg_conversion,pg_conversion_name_nsp_index,0,0,0,0,0
1416428010.17574,pg_catalog,pg_conversion,pg_conversion_default_index,0,0,0,0,0
1416428010.17574,pg_catalog,pg_db_role_setting,pg_db_role_setting_databaseid_rol_index,6708,0,0,15,6693
1416428010.17574,pg_catalog,pg_tablespace,pg_tablespace_spcname_index,0,0,0,4,4
1416428010.17574,pg_catalog,pg_tablespace,pg_tablespace_oid_index,1108,1108,1108,46,2170
1416428010.17574,pg_catalog,pg_pltemplate,pg_pltemplate_name_index,0,0,0,0,0
1416428010.17574,pg_catalog,pg_auth_members,pg_auth_members_member_role_index,0,0,0,0,0
1416428010.17574,pg_catalog,pg_auth_members,pg_auth_members_role_member_index,0,0,0,0,0
1416428010.17574,pg_catalog,pg_shdepend,pg_shdepend_reference_index,64,64,64,50,74
1416428010.17574,pg_catalog,pg_shdepend,pg_shdepend_depender_index,222,0,0,51,221
1416428010.17574,pg_catalog,pg_shdescription,pg_shdescription_o_c_index,0,0,0,0,0
1416428010.17574,pg_catalog,pg_ts_config,pg_ts_config_oid_index,0,0,0,0,0
1416428010.17574,pg_catalog,pg_ts_config,pg_ts_config_cfgname_index,0,0,0,0,0
1416428010.17574,pg_catalog,pg_ts_config_map,pg_ts_config_map_index,0,0,0,0,0
1416428010.17574,pg_catalog,pg_ts_dict,pg_ts_dict_oid_index,0,0,0,0,0
1416428010.17574,pg_catalog,pg_ts_dict,pg_ts_dict_dictname_index,0,0,0,0,0
1416428010.17574,pg_catalog,pg_ts_parser,pg_ts_parser_oid_index,0,0,0,0,0
1416428010.17574,pg_catalog,pg_ts_parser,pg_ts_parser_prsname_index,0,0,0,0,0
1416428010.17574,pg_catalog,pg_ts_template,pg_ts_template_oid_index,0,0,0,0,0
1416428010.17574,pg_catalog,pg_ts_template,pg_ts_template_tmplname_index,0,0,0,0,0
1416428010.17574,pg_catalog,pg_extension,pg_extension_name_index,0,0,0,0,0
1416428010.17574,pg_catalog,pg_extension,pg_extension_oid_index,0,0,0,0,0
1416428010.17574,pg_catalog,pg_foreign_data_wrapper,pg_foreign_data_wrapper_name_index,0,0,0,0,0
1416428010.17574,pg_catalog,pg_foreign_data_wrapper,pg_foreign_data_wrapper_oid_index,0,0,0,0,0
1416428010.17574,pg_catalog,pg_foreign_server,pg_foreign_server_name_index,0,0,0,0,0
1416428010.17574,pg_catalog,pg_foreign_server,pg_foreign_server_oid_index,0,0,0,0,0
1416428010.17574,pg_catalog,pg_foreign_table,pg_foreign_table_relid_index,0,0,0,0,0
1416428010.17574,pg_catalog,pg_rowsecurity,pg_rowsecurity_polname_relid_index,0,0,0,0,0
1416428010.17574,pg_catalog,pg_rowsecurity,pg_rowsecurity_oid_index,0,0,0,0,0
1416428010.17574,pg_catalog,pg_default_acl,pg_default_acl_oid_index,0,0,0,0,0
1416428010.17574,pg_catalog,pg_default_acl,pg_default_acl_role_nsp_obj_index,236,0,0,23,213
1416428010.17574,pg_catalog,pg_seclabel,pg_seclabel_object_index,221,0,0,25,196
1416428010.17574,pg_catalog,pg_shseclabel,pg_shseclabel_object_index,0,0,0,0,0
1416428010.17574,pg_catalog,pg_collation,pg_collation_oid_index,0,0,0,0,0
1416428010.17574,pg_catalog,pg_collation,pg_collation_name_enc_nsp_index,0,0,0,0,0
1416428010.17574,pg_catalog,pg_range,pg_range_rngtypid_index,365,0,0,116,614
1416428010.17574,pg_toast,pg_toast_12698,pg_toast_12698_index,0,0,0,0,0
1416428010.17574,pg_toast,pg_toast_12703,pg_toast_12703_index,0,0,0,0,0
1416428010.17574,pg_toast,pg_toast_12708,pg_toast_12708_index,0,0,0,0,0
1416428010.17574,pg_toast,pg_toast_12713,pg_toast_12713_index,0,0,0,0,0
1416428010.17574,pg_toast,pg_toast_12718,pg_toast_12718_index,0,0,0,0,0
1416428010.17574,pg_toast,pg_toast_12723,pg_toast_12723_index,0,0,0,0,0
1416428010.17574,pg_catalog,pg_class,pg_class_tblspc_relfilenode_index,0,0,0,82,378
1416428010.17574,pg_catalog,pg_class,pg_class_relname_nsp_index,5993,3109,3066,142,13677
1416428010.17574,pg_catalog,pg_class,pg_class_oid_index,33463,33343,33343,102,68779
1416428010.17574,pg_catalog,pg_operator,pg_operator_oprname_l_r_n_index,5277,54902,54902,127,11577
1416428010.17574,pg_catalog,pg_operator,pg_operator_oid_index,6368,6368,6368,108,13777
1416428010.17574,pg_catalog,pg_enum,pg_enum_typid_sortorder_index,0,0,0,0,0
1416428010.17574,pg_catalog,pg_enum,pg_enum_typid_label_index,0,0,0,0,0
1416428010.17574,pg_catalog,pg_enum,pg_enum_oid_index,0,0,0,0,0
1416428010.17574,pg_catalog,pg_depend,pg_depend_reference_index,1846,1967,1690,364,4340
1416428010.17574,pg_catalog,pg_depend,pg_depend_depender_index,466,750,750,184,1761
1416428010.17574,pg_toast,pg_toast_12693,pg_toast_12693_index,0,0,0,0,0
1416428010.17574,public,supplier,supplier_s_nationkey_s_suppkey_brin_idx,0,0,0,0,3
1416428010.17574,public,supplier,pk_supplier,0,0,0,275,0
1416428010.17574,public,supplier,supplier_s_suppkey_idx_like,0,0,0,1,0
1416428010.17574,public,part,part_p_type_p_partkey_idx,0,0,0,11519,0
1416428010.17574,public,part,part_p_name_idx,0,0,0,13604,0
1416428010.17574,public,part,part_p_container_p_brand_p_partkey_idx,0,0,0,12144,0
1416428010.17574,public,part,part_p_size_brin_idx,0,0,0,0,3
1416428010.17574,public,part,pk_part,0,0,0,5486,0
1416428010.17574,public,partsupp,partsupp_ps_suppkey_idx,0,0,0,0,6
1416428010.17574,public,partsupp,pk_partsupp,0,0,0,21936,0
1416428010.17574,public,customer,pk_customer,0,0,0,4115,0
1416428010.17574,public,customer,customer_c_phone_idx_c_acctbal,0,0,0,3741,0
1416428010.17574,public,customer,customer_c_phone_idx,0,0,0,4115,0
1416428010.17574,public,customer,customer_c_nationkey_c_custkey_brin_idx,0,0,0,0,3
1416428010.17574,public,customer,customer_c_mktsegment_c_custkey_idx,0,0,0,5778,0
1416428010.17574,public,orders,orders_o_orderkey_o_orderdate_brin_idx,0,0,0,0,12
1416428010.17574,public,orders,orders_o_orderdate_o_orderkey_brin_idx,0,0,0,0,12
1416428010.17574,public,orders,pk_orders,0,0,0,41130,0
1416428010.17574,public,nation,pk_nation,0,0,0,1,0
1416428010.17574,public,region,pk_region,0,0,0,1,0
1416428070.1817,pg_catalog,pg_statistic,pg_statistic_relid_att_inh_index,8336,7915,7912,87,18298
1416428070.1817,pg_catalog,pg_type,pg_type_typname_nsp_index,993,752,707,268,2405
1416428070.1817,pg_catalog,pg_type,pg_type_oid_index,35904,35788,35788,84,73568
1416428070.1817,pg_toast,pg_toast_2619,pg_toast_2619_index,5590,19131,19131,78,6645
1416428070.1817,pg_toast,pg_toast_1255,pg_toast_1255_index,0,0,0,0,0
1416428070.1817,pg_toast,pg_toast_2604,pg_toast_2604_index,0,0,0,0,0
1416428070.1817,pg_toast,pg_toast_2606,pg_toast_2606_index,0,0,0,0,0
1416428070.1817,pg_toast,pg_toast_2618,pg_toast_2618_index,189,602,602,34,272
1416428070.1817,pg_toast,pg_toast_2620,pg_toast_2620_index,0,0,0,0,0
1416428070.1817,pg_toast,pg_toast_2609,pg_toast_2609_index,0,0,0,0,0
1416428070.1817,pg_toast,pg_toast_2964,pg_toast_2964_index,0,0,0,0,0
1416428070.1817,pg_toast,pg_toast_2396,pg_toast_2396_index,0,0,0,0,0
1416428070.1817,pg_toast,pg_toast_3596,pg_toast_3596_index,0,0,0,0,0
1416428070.1817,pg_catalog,pg_authid,pg_authid_oid_index,1621,1621,1621,34,3208
1416428070.1817,pg_catalog,pg_authid,pg_authid_rolname_index,1614,1614,1614,34,3194
1416428070.1817,pg_catalog,pg_largeobject,pg_largeobject_loid_pn_index,0,0,0,0,0
1416428070.1817,pg_catalog,pg_user_mapping,pg_user_mapping_user_server_index,0,0,0,0,0
1416428070.1817,pg_catalog,pg_user_mapping,pg_user_mapping_oid_index,0,0,0,0,0
1416428070.1817,pg_catalog,pg_attribute,pg_attribute_relid_attnum_index,32287,72804,72722,186,67166
1416428070.1817,pg_catalog,pg_attribute,pg_attribute_relid_attnam_index,83,83,83,72,1229
1416428070.1817,pg_catalog,pg_proc,pg_proc_proname_args_nsp_index,1897,8565,8565,302,4948
1416428070.1817,pg_catalog,pg_proc,pg_proc_oid_index,11800,11800,11800,197,24902
1416428070.1817,pg_catalog,pg_attrdef,pg_attrdef_oid_index,0,0,0,0,0
1416428070.1817,pg_catalog,pg_attrdef,pg_attrdef_adrelid_adnum_index,0,0,0,0,0
1416428070.1817,pg_catalog,pg_constraint,pg_constraint_oid_index,23,8,8,4,57
1416428070.1817,pg_catalog,pg_constraint,pg_constraint_contypid_index,0,0,0,4,26
1416428070.1817,pg_catalog,pg_constraint,pg_constraint_conrelid_index,0,0,0,4,26
1416428070.1817,pg_catalog,pg_constraint,pg_constraint_conname_nsp_index,0,0,0,4,26
1416428070.1817,pg_catalog,pg_inherits,pg_inherits_parent_index,0,0,0,0,0
1416428070.1817,pg_catalog,pg_inherits,pg_inherits_relid_seqno_index,49,0,0,26,23
1416428070.1817,pg_catalog,pg_index,pg_index_indexrelid_index,13272,13341,13272,31,14954
1416428070.1817,pg_catalog,pg_index,pg_index_indrelid_index,3686,11150,11150,74,4558
1416428070.1817,pg_catalog,pg_opfamily,pg_opfamily_oid_index,0,0,0,0,0
1416428070.1817,pg_catalog,pg_opfamily,pg_opfamily_am_name_nsp_index,0,0,0,0,0
1416428070.1817,pg_catalog,pg_opclass,pg_opclass_oid_index,7918,7918,7918,31,9537
1416428070.1817,pg_catalog,pg_opclass,pg_opclass_am_name_nsp_index,2396,99709,99709,87,3002
1416428070.1817,pg_catalog,pg_am,pg_am_oid_index,0,0,0,0,0
1416428070.1817,pg_catalog,pg_am,pg_am_name_index,0,0,0,0,0
1416428070.1817,pg_catalog,pg_amop,pg_amop_oid_index,0,0,0,0,0
1416428070.1817,pg_catalog,pg_amop,pg_amop_opr_fam_index,5570,15335,15335,104,12135
1416428070.1817,pg_catalog,pg_amop,pg_amop_fam_strat_index,7416,7416,7416,92,15500
1416428070.1817,pg_catalog,pg_amproc,pg_amproc_oid_index,0,0,0,0,0
1416428070.1817,pg_catalog,pg_amproc,pg_amproc_fam_proc_index,7693,22474,22474,66,16970
1416428070.1817,pg_catalog,pg_language,pg_language_oid_index,0,0,0,0,0
1416428070.1817,pg_catalog,pg_language,pg_language_name_index,0,0,0,0,0
1416428070.1817,pg_catalog,pg_largeobject_metadata,pg_largeobject_metadata_oid_index,0,0,0,0,0
1416428070.1817,pg_catalog,pg_aggregate,pg_aggregate_fnoid_index,816,816,816,121,1303
1416428070.1817,pg_catalog,pg_rewrite,pg_rewrite_rel_rulename_index,339,313,287,52,528
1416428070.1817,pg_catalog,pg_rewrite,pg_rewrite_oid_index,78,52,52,35,95
1416428070.1817,pg_catalog,pg_trigger,pg_trigger_oid_index,0,0,0,0,0
1416428070.1817,pg_catalog,pg_trigger,pg_trigger_tgrelid_tgname_index,0,0,0,0,0
1416428070.1817,pg_catalog,pg_trigger,pg_trigger_tgconstraint_index,0,0,0,0,0
1416428070.1817,pg_catalog,pg_event_trigger,pg_event_trigger_oid_index,0,0,0,0,0
1416428070.1817,pg_catalog,pg_event_trigger,pg_event_trigger_evtname_index,127,0,0,25,102
1416428070.1817,pg_catalog,pg_description,pg_description_o_c_o_index,221,0,0,76,415
1416428070.1817,pg_catalog,pg_cast,pg_cast_source_target_index,52220,12483,12483,33,53711
1416428070.1817,pg_catalog,pg_cast,pg_cast_oid_index,0,0,0,0,0
1416428070.1817,pg_catalog,pg_database,pg_database_oid_index,2140,2139,2139,32,3793
1416428070.1817,pg_catalog,pg_database,pg_database_datname_index,3297,3296,3296,31,4946
1416428070.1817,pg_catalog,pg_namespace,pg_namespace_oid_index,583,579,579,47,680
1416428070.1817,pg_catalog,pg_namespace,pg_namespace_nspname_index,4434,2828,2828,32,6008
1416428070.1817,pg_catalog,pg_conversion,pg_conversion_oid_index,0,0,0,0,0
1416428070.1817,pg_catalog,pg_conversion,pg_conversion_name_nsp_index,0,0,0,0,0
1416428070.1817,pg_catalog,pg_conversion,pg_conversion_default_index,0,0,0,0,0
1416428070.1817,pg_catalog,pg_db_role_setting,pg_db_role_setting_databaseid_rol_index,6736,0,0,15,6721
1416428070.1817,pg_catalog,pg_tablespace,pg_tablespace_spcname_index,0,0,0,4,4
1416428070.1817,pg_catalog,pg_tablespace,pg_tablespace_oid_index,1113,1113,1113,46,2180
1416428070.1817,pg_catalog,pg_pltemplate,pg_pltemplate_name_index,0,0,0,0,0
1416428070.1817,pg_catalog,pg_auth_members,pg_auth_members_member_role_index,0,0,0,0,0
1416428070.1817,pg_catalog,pg_auth_members,pg_auth_members_role_member_index,0,0,0,0,0
1416428070.1817,pg_catalog,pg_shdepend,pg_shdepend_reference_index,64,64,64,50,74
1416428070.1817,pg_catalog,pg_shdepend,pg_shdepend_depender_index,222,0,0,51,221
1416428070.1817,pg_catalog,pg_shdescription,pg_shdescription_o_c_index,0,0,0,0,0
1416428070.1817,pg_catalog,pg_ts_config,pg_ts_config_oid_index,0,0,0,0,0
1416428070.1817,pg_catalog,pg_ts_config,pg_ts_config_cfgname_index,0,0,0,0,0
1416428070.1817,pg_catalog,pg_ts_config_map,pg_ts_config_map_index,0,0,0,0,0
1416428070.1817,pg_catalog,pg_ts_dict,pg_ts_dict_oid_index,0,0,0,0,0
1416428070.1817,pg_catalog,pg_ts_dict,pg_ts_dict_dictname_index,0,0,0,0,0
1416428070.1817,pg_catalog,pg_ts_parser,pg_ts_parser_oid_index,0,0,0,0,0
1416428070.1817,pg_catalog,pg_ts_parser,pg_ts_parser_prsname_index,0,0,0,0,0
1416428070.1817,pg_catalog,pg_ts_template,pg_ts_template_oid_index,0,0,0,0,0
1416428070.1817,pg_catalog,pg_ts_template,pg_ts_template_tmplname_index,0,0,0,0,0
1416428070.1817,pg_catalog,pg_extension,pg_extension_name_index,0,0,0,0,0
1416428070.1817,pg_catalog,pg_extension,pg_extension_oid_index,0,0,0,0,0
1416428070.1817,pg_catalog,pg_foreign_data_wrapper,pg_foreign_data_wrapper_name_index,0,0,0,0,0
1416428070.1817,pg_catalog,pg_foreign_data_wrapper,pg_foreign_data_wrapper_oid_index,0,0,0,0,0
1416428070.1817,pg_catalog,pg_foreign_server,pg_foreign_server_name_index,0,0,0,0,0
1416428070.1817,pg_catalog,pg_foreign_server,pg_foreign_server_oid_index,0,0,0,0,0
1416428070.1817,pg_catalog,pg_foreign_table,pg_foreign_table_relid_index,0,0,0,0,0
1416428070.1817,pg_catalog,pg_rowsecurity,pg_rowsecurity_polname_relid_index,0,0,0,0,0
1416428070.1817,pg_catalog,pg_rowsecurity,pg_rowsecurity_oid_index,0,0,0,0,0
1416428070.1817,pg_catalog,pg_default_acl,pg_default_acl_oid_index,0,0,0,0,0
1416428070.1817,pg_catalog,pg_default_acl,pg_default_acl_role_nsp_obj_index,236,0,0,23,213
1416428070.1817,pg_catalog,pg_seclabel,pg_seclabel_object_index,221,0,0,25,196
1416428070.1817,pg_catalog,pg_shseclabel,pg_shseclabel_object_index,0,0,0,0,0
1416428070.1817,pg_catalog,pg_collation,pg_collation_oid_index,0,0,0,0,0
1416428070.1817,pg_catalog,pg_collation,pg_collation_name_enc_nsp_index,0,0,0,0,0
1416428070.1817,pg_catalog,pg_range,pg_range_rngtypid_index,365,0,0,116,614
1416428070.1817,pg_toast,pg_toast_12698,pg_toast_12698_index,0,0,0,0,0
1416428070.1817,pg_toast,pg_toast_12703,pg_toast_12703_index,0,0,0,0,0
1416428070.1817,pg_toast,pg_toast_12708,pg_toast_12708_index,0,0,0,0,0
1416428070.1817,pg_toast,pg_toast_12713,pg_toast_12713_index,0,0,0,0,0
1416428070.1817,pg_toast,pg_toast_12718,pg_toast_12718_index,0,0,0,0,0
1416428070.1817,pg_toast,pg_toast_12723,pg_toast_12723_index,0,0,0,0,0
1416428070.1817,pg_catalog,pg_class,pg_class_tblspc_relfilenode_index,0,0,0,82,381
1416428070.1817,pg_catalog,pg_class,pg_class_relname_nsp_index,6002,3118,3075,142,13701
1416428070.1817,pg_catalog,pg_class,pg_class_oid_index,33802,33682,33682,102,69468
1416428070.1817,pg_catalog,pg_operator,pg_operator_oprname_l_r_n_index,5280,54905,54905,127,11586
1416428070.1817,pg_catalog,pg_operator,pg_operator_oid_index,6383,6383,6383,108,13813
1416428070.1817,pg_catalog,pg_enum,pg_enum_typid_sortorder_index,0,0,0,0,0
1416428070.1817,pg_catalog,pg_enum,pg_enum_typid_label_index,0,0,0,0,0
1416428070.1817,pg_catalog,pg_enum,pg_enum_oid_index,0,0,0,0,0
1416428070.1817,pg_catalog,pg_depend,pg_depend_reference_index,1846,1967,1690,364,4340
1416428070.1817,pg_catalog,pg_depend,pg_depend_depender_index,466,750,750,184,1761
1416428070.1817,pg_toast,pg_toast_12693,pg_toast_12693_index,0,0,0,0,0
1416428070.1817,public,supplier,supplier_s_nationkey_s_suppkey_brin_idx,0,0,0,0,3
1416428070.1817,public,supplier,pk_supplier,0,0,0,275,0
1416428070.1817,public,supplier,supplier_s_suppkey_idx_like,0,0,0,1,0
1416428070.1817,public,part,part_p_type_p_partkey_idx,0,0,0,11519,0
1416428070.1817,public,part,part_p_name_idx,0,0,0,13604,0
1416428070.1817,public,part,part_p_container_p_brand_p_partkey_idx,0,0,0,12144,0
1416428070.1817,public,part,part_p_size_brin_idx,0,0,0,0,3
1416428070.1817,public,part,pk_part,0,0,0,5486,0
1416428070.1817,public,partsupp,partsupp_ps_suppkey_idx,0,0,0,0,6
1416428070.1817,public,partsupp,pk_partsupp,0,0,0,21936,0
1416428070.1817,public,customer,pk_customer,0,0,0,4115,0
1416428070.1817,public,customer,customer_c_phone_idx_c_acctbal,0,0,0,3741,0
1416428070.1817,public,customer,customer_c_phone_idx,0,0,0,4115,0
1416428070.1817,public,customer,customer_c_nationkey_c_custkey_brin_idx,0,0,0,0,3
1416428070.1817,public,customer,customer_c_mktsegment_c_custkey_idx,0,0,0,5778,0
1416428070.1817,public,orders,orders_o_orderkey_o_orderdate_brin_idx,0,0,0,0,12
1416428070.1817,public,orders,orders_o_orderdate_o_orderkey_brin_idx,0,0,0,0,12
1416428070.1817,public,orders,pk_orders,0,0,0,41130,0
1416428070.1817,public,nation,pk_nation,0,0,0,1,0
1416428070.1817,public,region,pk_region,0,0,0,1,0
1416428130.18412,pg_catalog,pg_statistic,pg_statistic_relid_att_inh_index,8357,7932,7929,87,18344
1416428130.18412,pg_catalog,pg_type,pg_type_typname_nsp_index,993,752,707,268,2405
1416428130.18412,pg_catalog,pg_type,pg_type_oid_index,35980,35864,35864,84,73724
1416428130.18412,pg_toast,pg_toast_2619,pg_toast_2619_index,5593,19137,19137,78,6651
1416428130.18412,pg_toast,pg_toast_1255,pg_toast_1255_index,0,0,0,0,0
1416428130.18412,pg_toast,pg_toast_2604,pg_toast_2604_index,0,0,0,0,0
1416428130.18412,pg_toast,pg_toast_2606,pg_toast_2606_index,0,0,0,0,0
1416428130.18412,pg_toast,pg_toast_2618,pg_toast_2618_index,193,616,616,34,278
1416428130.18412,pg_toast,pg_toast_2620,pg_toast_2620_index,0,0,0,0,0
1416428130.18412,pg_toast,pg_toast_2609,pg_toast_2609_index,0,0,0,0,0
1416428130.18412,pg_toast,pg_toast_2964,pg_toast_2964_index,0,0,0,0,0
1416428130.18412,pg_toast,pg_toast_2396,pg_toast_2396_index,0,0,0,0,0
1416428130.18412,pg_toast,pg_toast_3596,pg_toast_3596_index,0,0,0,0,0
1416428130.18412,pg_catalog,pg_authid,pg_authid_oid_index,1626,1626,1626,34,3218
1416428130.18412,pg_catalog,pg_authid,pg_authid_rolname_index,1619,1619,1619,34,3204
1416428130.18412,pg_catalog,pg_largeobject,pg_largeobject_loid_pn_index,0,0,0,0,0
1416428130.18412,pg_catalog,pg_user_mapping,pg_user_mapping_user_server_index,0,0,0,0,0
1416428130.18412,pg_catalog,pg_user_mapping,pg_user_mapping_oid_index,0,0,0,0,0
1416428130.18412,pg_catalog,pg_attribute,pg_attribute_relid_attnum_index,32467,73084,73002,186,67528
1416428130.18412,pg_catalog,pg_attribute,pg_attribute_relid_attnam_index,83,83,83,72,1229
1416428130.18412,pg_catalog,pg_proc,pg_proc_proname_args_nsp_index,1905,8601,8601,302,4968
1416428130.18412,pg_catalog,pg_proc,pg_proc_oid_index,11864,11864,11864,197,25034
1416428130.18412,pg_catalog,pg_attrdef,pg_attrdef_oid_index,0,0,0,0,0
1416428130.18412,pg_catalog,pg_attrdef,pg_attrdef_adrelid_adnum_index,0,0,0,0,0
1416428130.18412,pg_catalog,pg_constraint,pg_constraint_oid_index,23,8,8,4,57
1416428130.18412,pg_catalog,pg_constraint,pg_constraint_contypid_index,0,0,0,4,26
1416428130.18412,pg_catalog,pg_constraint,pg_constraint_conrelid_index,0,0,0,4,26
1416428130.18412,pg_catalog,pg_constraint,pg_constraint_conname_nsp_index,0,0,0,4,26
1416428130.18412,pg_catalog,pg_inherits,pg_inherits_parent_index,0,0,0,0,0
1416428130.18412,pg_catalog,pg_inherits,pg_inherits_relid_seqno_index,49,0,0,26,23
1416428130.18412,pg_catalog,pg_index,pg_index_indexrelid_index,13294,13363,13294,31,14978
1416428130.18412,pg_catalog,pg_index,pg_index_indrelid_index,3699,11174,11174,74,4575
1416428130.18412,pg_catalog,pg_opfamily,pg_opfamily_oid_index,0,0,0,0,0
1416428130.18412,pg_catalog,pg_opfamily,pg_opfamily_am_name_nsp_index,0,0,0,0,0
1416428130.18412,pg_catalog,pg_opclass,pg_opclass_oid_index,7927,7927,7927,31,9548
1416428130.18412,pg_catalog,pg_opclass,pg_opclass_am_name_nsp_index,2400,99880,99880,87,3009
1416428130.18412,pg_catalog,pg_am,pg_am_oid_index,0,0,0,0,0
1416428130.18412,pg_catalog,pg_am,pg_am_name_index,0,0,0,0,0
1416428130.18412,pg_catalog,pg_amop,pg_amop_oid_index,0,0,0,0,0
1416428130.18412,pg_catalog,pg_amop,pg_amop_opr_fam_index,5580,15360,15360,104,12158
1416428130.18412,pg_catalog,pg_amop,pg_amop_fam_strat_index,7433,7433,7433,92,15537
1416428130.18412,pg_catalog,pg_amproc,pg_amproc_oid_index,0,0,0,0,0
1416428130.18412,pg_catalog,pg_amproc,pg_amproc_fam_proc_index,7704,22490,22490,66,16994
1416428130.18412,pg_catalog,pg_language,pg_language_oid_index,0,0,0,0,0
1416428130.18412,pg_catalog,pg_language,pg_language_name_index,0,0,0,0,0
1416428130.18412,pg_catalog,pg_largeobject_metadata,pg_largeobject_metadata_oid_index,0,0,0,0,0
1416428130.18412,pg_catalog,pg_aggregate,pg_aggregate_fnoid_index,817,817,817,121,1305
1416428130.18412,pg_catalog,pg_rewrite,pg_rewrite_rel_rulename_index,345,319,293,52,538
1416428130.18412,pg_catalog,pg_rewrite,pg_rewrite_oid_index,78,52,52,35,95
1416428130.18412,pg_catalog,pg_trigger,pg_trigger_oid_index,0,0,0,0,0
1416428130.18412,pg_catalog,pg_trigger,pg_trigger_tgrelid_tgname_index,0,0,0,0,0
1416428130.18412,pg_catalog,pg_trigger,pg_trigger_tgconstraint_index,0,0,0,0,0
1416428130.18412,pg_catalog,pg_event_trigger,pg_event_trigger_oid_index,0,0,0,0,0
1416428130.18412,pg_catalog,pg_event_trigger,pg_event_trigger_evtname_index,127,0,0,25,102
1416428130.18412,pg_catalog,pg_description,pg_description_o_c_o_index,221,0,0,76,415
1416428130.18412,pg_catalog,pg_cast,pg_cast_source_target_index,52282,12506,12506,33,53777
1416428130.18412,pg_catalog,pg_cast,pg_cast_oid_index,0,0,0,0,0
1416428130.18412,pg_catalog,pg_database,pg_database_oid_index,2157,2156,2156,32,3817
1416428130.18412,pg_catalog,pg_database,pg_database_datname_index,3309,3308,3308,31,4965
1416428130.18412,pg_catalog,pg_namespace,pg_namespace_oid_index,718,714,714,47,817
1416428130.18412,pg_catalog,pg_namespace,pg_namespace_nspname_index,4446,2836,2836,32,6024
1416428130.18412,pg_catalog,pg_conversion,pg_conversion_oid_index,0,0,0,0,0
1416428130.18412,pg_catalog,pg_conversion,pg_conversion_name_nsp_index,0,0,0,0,0
1416428130.18412,pg_catalog,pg_conversion,pg_conversion_default_index,0,0,0,0,0
1416428130.18412,pg_catalog,pg_db_role_setting,pg_db_role_setting_databaseid_rol_index,6764,0,0,15,6749
1416428130.18412,pg_catalog,pg_tablespace,pg_tablespace_spcname_index,0,0,0,4,4
1416428130.18412,pg_catalog,pg_tablespace,pg_tablespace_oid_index,1118,1118,1118,46,2190
1416428130.18412,pg_catalog,pg_pltemplate,pg_pltemplate_name_index,0,0,0,0,0
1416428130.18412,pg_catalog,pg_auth_members,pg_auth_members_member_role_index,0,0,0,0,0
1416428130.18412,pg_catalog,pg_auth_members,pg_auth_members_role_member_index,0,0,0,0,0
1416428130.18412,pg_catalog,pg_shdepend,pg_shdepend_reference_index,64,64,64,50,74
1416428130.18412,pg_catalog,pg_shdepend,pg_shdepend_depender_index,222,0,0,51,221
1416428130.18412,pg_catalog,pg_shdescription,pg_shdescription_o_c_index,0,0,0,0,0
1416428130.18412,pg_catalog,pg_ts_config,pg_ts_config_oid_index,0,0,0,0,0
1416428130.18412,pg_catalog,pg_ts_config,pg_ts_config_cfgname_index,0,0,0,0,0
1416428130.18412,pg_catalog,pg_ts_config_map,pg_ts_config_map_index,0,0,0,0,0
1416428130.18412,pg_catalog,pg_ts_dict,pg_ts_dict_oid_index,0,0,0,0,0
1416428130.18412,pg_catalog,pg_ts_dict,pg_ts_dict_dictname_index,0,0,0,0,0
1416428130.18412,pg_catalog,pg_ts_parser,pg_ts_parser_oid_index,0,0,0,0,0
1416428130.18412,pg_catalog,pg_ts_parser,pg_ts_parser_prsname_index,0,0,0,0,0
1416428130.18412,pg_catalog,pg_ts_template,pg_ts_template_oid_index,0,0,0,0,0
1416428130.18412,pg_catalog,pg_ts_template,pg_ts_template_tmplname_index,0,0,0,0,0
1416428130.18412,pg_catalog,pg_extension,pg_extension_name_index,0,0,0,0,0
1416428130.18412,pg_catalog,pg_extension,pg_extension_oid_index,0,0,0,0,0
1416428130.18412,pg_catalog,pg_foreign_data_wrapper,pg_foreign_data_wrapper_name_index,0,0,0,0,0
1416428130.18412,pg_catalog,pg_foreign_data_wrapper,pg_foreign_data_wrapper_oid_index,0,0,0,0,0
1416428130.18412,pg_catalog,pg_foreign_server,pg_foreign_server_name_index,0,0,0,0,0
1416428130.18412,pg_catalog,pg_foreign_server,pg_foreign_server_oid_index,0,0,0,0,0
1416428130.18412,pg_catalog,pg_foreign_table,pg_foreign_table_relid_index,0,0,0,0,0
1416428130.18412,pg_catalog,pg_rowsecurity,pg_rowsecurity_polname_relid_index,0,0,0,0,0
1416428130.18412,pg_catalog,pg_rowsecurity,pg_rowsecurity_oid_index,0,0,0,0,0
1416428130.18412,pg_catalog,pg_default_acl,pg_default_acl_oid_index,0,0,0,0,0
1416428130.18412,pg_catalog,pg_default_acl,pg_default_acl_role_nsp_obj_index,236,0,0,23,213
1416428130.18412,pg_catalog,pg_seclabel,pg_seclabel_object_index,221,0,0,25,196
1416428130.18412,pg_catalog,pg_shseclabel,pg_shseclabel_object_index,0,0,0,0,0
1416428130.18412,pg_catalog,pg_collation,pg_collation_oid_index,0,0,0,0,0
1416428130.18412,pg_catalog,pg_collation,pg_collation_name_enc_nsp_index,0,0,0,0,0
1416428130.18412,pg_catalog,pg_range,pg_range_rngtypid_index,365,0,0,116,614
1416428130.18412,pg_toast,pg_toast_12698,pg_toast_12698_index,0,0,0,0,0
1416428130.18412,pg_toast,pg_toast_12703,pg_toast_12703_index,0,0,0,0,0
1416428130.18412,pg_toast,pg_toast_12708,pg_toast_12708_index,0,0,0,0,0
1416428130.18412,pg_toast,pg_toast_12713,pg_toast_12713_index,0,0,0,0,0
1416428130.18412,pg_toast,pg_toast_12718,pg_toast_12718_index,0,0,0,0,0
1416428130.18412,pg_toast,pg_toast_12723,pg_toast_12723_index,0,0,0,0,0
1416428130.18412,pg_catalog,pg_class,pg_class_tblspc_relfilenode_index,0,0,0,82,384
1416428130.18412,pg_catalog,pg_class,pg_class_relname_nsp_index,6009,3125,3082,142,13719
1416428130.18412,pg_catalog,pg_class,pg_class_oid_index,34113,33993,33993,102,70094
1416428130.18412,pg_catalog,pg_operator,pg_operator_oprname_l_r_n_index,5283,54908,54908,127,11595
1416428130.18412,pg_catalog,pg_operator,pg_operator_oid_index,6396,6396,6396,108,13843
1416428130.18412,pg_catalog,pg_enum,pg_enum_typid_sortorder_index,0,0,0,0,0
1416428130.18412,pg_catalog,pg_enum,pg_enum_typid_label_index,0,0,0,0,0
1416428130.18412,pg_catalog,pg_enum,pg_enum_oid_index,0,0,0,0,0
1416428130.18412,pg_catalog,pg_depend,pg_depend_reference_index,1846,1967,1690,364,4340
1416428130.18412,pg_catalog,pg_depend,pg_depend_depender_index,466,750,750,184,1761
1416428130.18412,pg_toast,pg_toast_12693,pg_toast_12693_index,0,0,0,0,0
1416428130.18412,public,supplier,supplier_s_nationkey_s_suppkey_brin_idx,0,0,0,0,3
1416428130.18412,public,supplier,pk_supplier,0,0,0,275,0
1416428130.18412,public,supplier,supplier_s_suppkey_idx_like,0,0,0,1,0
1416428130.18412,public,part,part_p_type_p_partkey_idx,0,0,0,11519,0
1416428130.18412,public,part,part_p_name_idx,0,0,0,13604,0
1416428130.18412,public,part,part_p_container_p_brand_p_partkey_idx,0,0,0,12144,0
1416428130.18412,public,part,part_p_size_brin_idx,0,0,0,0,3
1416428130.18412,public,part,pk_part,0,0,0,5486,0
1416428130.18412,public,partsupp,partsupp_ps_suppkey_idx,0,0,0,0,6
1416428130.18412,public,partsupp,pk_partsupp,0,0,0,21936,0
1416428130.18412,public,customer,pk_customer,0,0,0,4115,0
1416428130.18412,public,customer,customer_c_phone_idx_c_acctbal,0,0,0,3741,0
1416428130.18412,public,customer,customer_c_phone_idx,0,0,0,4115,0
1416428130.18412,public,customer,customer_c_nationkey_c_custkey_brin_idx,0,0,0,0,3
1416428130.18412,public,customer,customer_c_mktsegment_c_custkey_idx,0,0,0,5778,0
1416428130.18412,public,orders,orders_o_orderkey_o_orderdate_brin_idx,0,0,0,0,12
1416428130.18412,public,orders,orders_o_orderdate_o_orderkey_brin_idx,0,0,0,0,12
1416428130.18412,public,orders,pk_orders,0,0,0,41130,0
1416428130.18412,public,nation,pk_nation,0,0,0,1,0
1416428130.18412,public,region,pk_region,0,0,0,1,0
1416428190.18285,pg_catalog,pg_statistic,pg_statistic_relid_att_inh_index,8382,7951,7948,87,18399
1416428190.18285,pg_catalog,pg_type,pg_type_typname_nsp_index,993,752,707,268,2405
1416428190.18285,pg_catalog,pg_type,pg_type_oid_index,36077,35961,35961,84,73924
1416428190.18285,pg_toast,pg_toast_2619,pg_toast_2619_index,5596,19143,19143,78,6657
1416428190.18285,pg_toast,pg_toast_1255,pg_toast_1255_index,0,0,0,0,0
1416428190.18285,pg_toast,pg_toast_2604,pg_toast_2604_index,0,0,0,0,0
1416428190.18285,pg_toast,pg_toast_2606,pg_toast_2606_index,0,0,0,0,0
1416428190.18285,pg_toast,pg_toast_2618,pg_toast_2618_index,198,632,632,34,286
1416428190.18285,pg_toast,pg_toast_2620,pg_toast_2620_index,0,0,0,0,0
1416428190.18285,pg_toast,pg_toast_2609,pg_toast_2609_index,0,0,0,0,0
1416428190.18285,pg_toast,pg_toast_2964,pg_toast_2964_index,0,0,0,0,0
1416428190.18285,pg_toast,pg_toast_2396,pg_toast_2396_index,0,0,0,0,0
1416428190.18285,pg_toast,pg_toast_3596,pg_toast_3596_index,0,0,0,0,0
1416428190.18285,pg_catalog,pg_authid,pg_authid_oid_index,1633,1633,1633,34,3232
1416428190.18285,pg_catalog,pg_authid,pg_authid_rolname_index,1626,1626,1626,34,3218
1416428190.18285,pg_catalog,pg_largeobject,pg_largeobject_loid_pn_index,0,0,0,0,0
1416428190.18285,pg_catalog,pg_user_mapping,pg_user_mapping_user_server_index,0,0,0,0,0
1416428190.18285,pg_catalog,pg_user_mapping,pg_user_mapping_oid_index,0,0,0,0,0
1416428190.18285,pg_catalog,pg_attribute,pg_attribute_relid_attnum_index,32686,73468,73386,186,67980
1416428190.18285,pg_catalog,pg_attribute,pg_attribute_relid_attnam_index,83,83,83,72,1229
1416428190.18285,pg_catalog,pg_proc,pg_proc_proname_args_nsp_index,1915,8646,8646,302,4993
1416428190.18285,pg_catalog,pg_proc,pg_proc_oid_index,11932,11932,11932,197,25175
1416428190.18285,pg_catalog,pg_attrdef,pg_attrdef_oid_index,0,0,0,0,0
1416428190.18285,pg_catalog,pg_attrdef,pg_attrdef_adrelid_adnum_index,0,0,0,0,0
1416428190.18285,pg_catalog,pg_constraint,pg_constraint_oid_index,23,8,8,4,57
1416428190.18285,pg_catalog,pg_constraint,pg_constraint_contypid_index,0,0,0,4,26
1416428190.18285,pg_catalog,pg_constraint,pg_constraint_conrelid_index,0,0,0,4,26
1416428190.18285,pg_catalog,pg_constraint,pg_constraint_conname_nsp_index,0,0,0,4,26
1416428190.18285,pg_catalog,pg_inherits,pg_inherits_parent_index,0,0,0,0,0
1416428190.18285,pg_catalog,pg_inherits,pg_inherits_relid_seqno_index,49,0,0,26,23
1416428190.18285,pg_catalog,pg_index,pg_index_indexrelid_index,13328,13397,13328,31,15024
1416428190.18285,pg_catalog,pg_index,pg_index_indrelid_index,3715,11203,11203,74,4596
1416428190.18285,pg_catalog,pg_opfamily,pg_opfamily_oid_index,0,0,0,0,0
1416428190.18285,pg_catalog,pg_opfamily,pg_opfamily_am_name_nsp_index,0,0,0,0,0
1416428190.18285,pg_catalog,pg_opclass,pg_opclass_oid_index,7947,7947,7947,31,9580
1416428190.18285,pg_catalog,pg_opclass,pg_opclass_am_name_nsp_index,2404,100051,100051,87,3016
1416428190.18285,pg_catalog,pg_am,pg_am_oid_index,0,0,0,0,0
1416428190.18285,pg_catalog,pg_am,pg_am_name_index,0,0,0,0,0
1416428190.18285,pg_catalog,pg_amop,pg_amop_oid_index,0,0,0,0,0
1416428190.18285,pg_catalog,pg_amop,pg_amop_opr_fam_index,5592,15391,15391,104,12186
1416428190.18285,pg_catalog,pg_amop,pg_amop_fam_strat_index,7454,7454,7454,92,15583
1416428190.18285,pg_catalog,pg_amproc,pg_amproc_oid_index,0,0,0,0,0
1416428190.18285,pg_catalog,pg_amproc,pg_amproc_fam_proc_index,7727,22529,22529,66,17052
1416428190.18285,pg_catalog,pg_language,pg_language_oid_index,0,0,0,0,0
1416428190.18285,pg_catalog,pg_language,pg_language_name_index,0,0,0,0,0
1416428190.18285,pg_catalog,pg_largeobject_metadata,pg_largeobject_metadata_oid_index,0,0,0,0,0
1416428190.18285,pg_catalog,pg_aggregate,pg_aggregate_fnoid_index,818,818,818,121,1307
1416428190.18285,pg_catalog,pg_rewrite,pg_rewrite_rel_rulename_index,352,326,300,52,550
1416428190.18285,pg_catalog,pg_rewrite,pg_rewrite_oid_index,78,52,52,35,95
1416428190.18285,pg_catalog,pg_trigger,pg_trigger_oid_index,0,0,0,0,0
1416428190.18285,pg_catalog,pg_trigger,pg_trigger_tgrelid_tgname_index,0,0,0,0,0
1416428190.18285,pg_catalog,pg_trigger,pg_trigger_tgconstraint_index,0,0,0,0,0
1416428190.18285,pg_catalog,pg_event_trigger,pg_event_trigger_oid_index,0,0,0,0,0
1416428190.18285,pg_catalog,pg_event_trigger,pg_event_trigger_evtname_index,127,0,0,25,102
1416428190.18285,pg_catalog,pg_description,pg_description_o_c_o_index,221,0,0,76,415
1416428190.18285,pg_catalog,pg_cast,pg_cast_source_target_index,52351,12534,12534,33,53851
1416428190.18285,pg_catalog,pg_cast,pg_cast_oid_index,0,0,0,0,0
1416428190.18285,pg_catalog,pg_database,pg_database_oid_index,2176,2175,2175,32,3845
1416428190.18285,pg_catalog,pg_database,pg_database_datname_index,3325,3324,3324,31,4990
1416428190.18285,pg_catalog,pg_namespace,pg_namespace_oid_index,854,850,850,47,956
1416428190.18285,pg_catalog,pg_namespace,pg_namespace_nspname_index,4463,2847,2847,32,6047
1416428190.18285,pg_catalog,pg_conversion,pg_conversion_oid_index,0,0,0,0,0
1416428190.18285,pg_catalog,pg_conversion,pg_conversion_name_nsp_index,0,0,0,0,0
1416428190.18285,pg_catalog,pg_conversion,pg_conversion_default_index,0,0,0,0,0
1416428190.18285,pg_catalog,pg_db_role_setting,pg_db_role_setting_databaseid_rol_index,6800,0,0,15,6785
1416428190.18285,pg_catalog,pg_tablespace,pg_tablespace_spcname_index,0,0,0,4,4
1416428190.18285,pg_catalog,pg_tablespace,pg_tablespace_oid_index,1123,1123,1123,46,2200
1416428190.18285,pg_catalog,pg_pltemplate,pg_pltemplate_name_index,0,0,0,0,0
1416428190.18285,pg_catalog,pg_auth_members,pg_auth_members_member_role_index,0,0,0,0,0
1416428190.18285,pg_catalog,pg_auth_members,pg_auth_members_role_member_index,0,0,0,0,0
1416428190.18285,pg_catalog,pg_shdepend,pg_shdepend_reference_index,64,64,64,50,74
1416428190.18285,pg_catalog,pg_shdepend,pg_shdepend_depender_index,222,0,0,51,221
1416428190.18285,pg_catalog,pg_shdescription,pg_shdescription_o_c_index,0,0,0,0,0
1416428190.18285,pg_catalog,pg_ts_config,pg_ts_config_oid_index,0,0,0,0,0
1416428190.18285,pg_catalog,pg_ts_config,pg_ts_config_cfgname_index,0,0,0,0,0
1416428190.18285,pg_catalog,pg_ts_config_map,pg_ts_config_map_index,0,0,0,0,0
1416428190.18285,pg_catalog,pg_ts_dict,pg_ts_dict_oid_index,0,0,0,0,0
1416428190.18285,pg_catalog,pg_ts_dict,pg_ts_dict_dictname_index,0,0,0,0,0
1416428190.18285,pg_catalog,pg_ts_parser,pg_ts_parser_oid_index,0,0,0,0,0
1416428190.18285,pg_catalog,pg_ts_parser,pg_ts_parser_prsname_index,0,0,0,0,0
1416428190.18285,pg_catalog,pg_ts_template,pg_ts_template_oid_index,0,0,0,0,0
1416428190.18285,pg_catalog,pg_ts_template,pg_ts_template_tmplname_index,0,0,0,0,0
1416428190.18285,pg_catalog,pg_extension,pg_extension_name_index,0,0,0,0,0
1416428190.18285,pg_catalog,pg_extension,pg_extension_oid_index,0,0,0,0,0
1416428190.18285,pg_catalog,pg_foreign_data_wrapper,pg_foreign_data_wrapper_name_index,0,0,0,0,0
1416428190.18285,pg_catalog,pg_foreign_data_wrapper,pg_foreign_data_wrapper_oid_index,0,0,0,0,0
1416428190.18285,pg_catalog,pg_foreign_server,pg_foreign_server_name_index,0,0,0,0,0
1416428190.18285,pg_catalog,pg_foreign_server,pg_foreign_server_oid_index,0,0,0,0,0
1416428190.18285,pg_catalog,pg_foreign_table,pg_foreign_table_relid_index,0,0,0,0,0
1416428190.18285,pg_catalog,pg_rowsecurity,pg_rowsecurity_polname_relid_index,0,0,0,0,0
1416428190.18285,pg_catalog,pg_rowsecurity,pg_rowsecurity_oid_index,0,0,0,0,0
1416428190.18285,pg_catalog,pg_default_acl,pg_default_acl_oid_index,0,0,0,0,0
1416428190.18285,pg_catalog,pg_default_acl,pg_default_acl_role_nsp_obj_index,236,0,0,23,213
1416428190.18285,pg_catalog,pg_seclabel,pg_seclabel_object_index,221,0,0,25,196
1416428190.18285,pg_catalog,pg_shseclabel,pg_shseclabel_object_index,0,0,0,0,0
1416428190.18285,pg_catalog,pg_collation,pg_collation_oid_index,0,0,0,0,0
1416428190.18285,pg_catalog,pg_collation,pg_collation_name_enc_nsp_index,0,0,0,0,0
1416428190.18285,pg_catalog,pg_range,pg_range_rngtypid_index,365,0,0,116,614
1416428190.18285,pg_toast,pg_toast_12698,pg_toast_12698_index,0,0,0,0,0
1416428190.18285,pg_toast,pg_toast_12703,pg_toast_12703_index,0,0,0,0,0
1416428190.18285,pg_toast,pg_toast_12708,pg_toast_12708_index,0,0,0,0,0
1416428190.18285,pg_toast,pg_toast_12713,pg_toast_12713_index,0,0,0,0,0
1416428190.18285,pg_toast,pg_toast_12718,pg_toast_12718_index,0,0,0,0,0
1416428190.18285,pg_toast,pg_toast_12723,pg_toast_12723_index,0,0,0,0,0
1416428190.18285,pg_catalog,pg_class,pg_class_tblspc_relfilenode_index,0,0,0,82,387
1416428190.18285,pg_catalog,pg_class,pg_class_relname_nsp_index,6019,3134,3091,142,13745
1416428190.18285,pg_catalog,pg_class,pg_class_oid_index,34454,34334,34334,102,70790
1416428190.18285,pg_catalog,pg_operator,pg_operator_oprname_l_r_n_index,5286,54911,54911,127,11604
1416428190.18285,pg_catalog,pg_operator,pg_operator_oid_index,6410,6410,6410,108,13876
1416428190.18285,pg_catalog,pg_enum,pg_enum_typid_sortorder_index,0,0,0,0,0
1416428190.18285,pg_catalog,pg_enum,pg_enum_typid_label_index,0,0,0,0,0
1416428190.18285,pg_catalog,pg_enum,pg_enum_oid_index,0,0,0,0,0
1416428190.18285,pg_catalog,pg_depend,pg_depend_reference_index,1846,1967,1690,364,4340
1416428190.18285,pg_catalog,pg_depend,pg_depend_depender_index,466,750,750,184,1761
1416428190.18285,pg_toast,pg_toast_12693,pg_toast_12693_index,0,0,0,0,0
1416428190.18285,public,supplier,supplier_s_nationkey_s_suppkey_brin_idx,0,0,0,0,3
1416428190.18285,public,supplier,pk_supplier,0,0,0,275,0
1416428190.18285,public,supplier,supplier_s_suppkey_idx_like,0,0,0,1,0
1416428190.18285,public,part,part_p_type_p_partkey_idx,0,0,0,11519,0
1416428190.18285,public,part,part_p_name_idx,0,0,0,13604,0
1416428190.18285,public,part,part_p_container_p_brand_p_partkey_idx,0,0,0,12144,0
1416428190.18285,public,part,part_p_size_brin_idx,0,0,0,0,3
1416428190.18285,public,part,pk_part,0,0,0,5486,0
1416428190.18285,public,partsupp,partsupp_ps_suppkey_idx,0,0,0,0,6
1416428190.18285,public,partsupp,pk_partsupp,0,0,0,21936,0
1416428190.18285,public,customer,pk_customer,0,0,0,4115,0
1416428190.18285,public,customer,customer_c_phone_idx_c_acctbal,0,0,0,3741,0
1416428190.18285,public,customer,customer_c_phone_idx,0,0,0,4115,0
1416428190.18285,public,customer,customer_c_nationkey_c_custkey_brin_idx,0,0,0,0,3
1416428190.18285,public,customer,customer_c_mktsegment_c_custkey_idx,0,0,0,5778,0
1416428190.18285,public,orders,orders_o_orderkey_o_orderdate_brin_idx,0,0,0,0,12
1416428190.18285,public,orders,orders_o_orderdate_o_orderkey_brin_idx,0,0,0,0,12
1416428190.18285,public,orders,pk_orders,0,0,0,41130,0
1416428190.18285,public,nation,pk_nation,0,0,0,1,0
1416428190.18285,public,region,pk_region,0,0,0,1,0
1416428250.18573,pg_catalog,pg_statistic,pg_statistic_relid_att_inh_index,8407,7970,7967,87,18454
1416428250.18573,pg_catalog,pg_type,pg_type_typname_nsp_index,993,752,707,268,2405
1416428250.18573,pg_catalog,pg_type,pg_type_oid_index,36170,36054,36054,84,74116
1416428250.18573,pg_toast,pg_toast_2619,pg_toast_2619_index,5599,19149,19149,78,6663
1416428250.18573,pg_toast,pg_toast_1255,pg_toast_1255_index,0,0,0,0,0
1416428250.18573,pg_toast,pg_toast_2604,pg_toast_2604_index,0,0,0,0,0
1416428250.18573,pg_toast,pg_toast_2606,pg_toast_2606_index,0,0,0,0,0
1416428250.18573,pg_toast,pg_toast_2618,pg_toast_2618_index,203,648,648,34,294
1416428250.18573,pg_toast,pg_toast_2620,pg_toast_2620_index,0,0,0,0,0
1416428250.18573,pg_toast,pg_toast_2609,pg_toast_2609_index,0,0,0,0,0
1416428250.18573,pg_toast,pg_toast_2964,pg_toast_2964_index,0,0,0,0,0
1416428250.18573,pg_toast,pg_toast_2396,pg_toast_2396_index,0,0,0,0,0
1416428250.18573,pg_toast,pg_toast_3596,pg_toast_3596_index,0,0,0,0,0
1416428250.18573,pg_catalog,pg_authid,pg_authid_oid_index,1638,1638,1638,34,3242
1416428250.18573,pg_catalog,pg_authid,pg_authid_rolname_index,1631,1631,1631,34,3228
1416428250.18573,pg_catalog,pg_largeobject,pg_largeobject_loid_pn_index,0,0,0,0,0
1416428250.18573,pg_catalog,pg_user_mapping,pg_user_mapping_user_server_index,0,0,0,0,0
1416428250.18573,pg_catalog,pg_user_mapping,pg_user_mapping_oid_index,0,0,0,0,0
1416428250.18573,pg_catalog,pg_attribute,pg_attribute_relid_attnum_index,32907,73894,73812,186,68434
1416428250.18573,pg_catalog,pg_attribute,pg_attribute_relid_attnam_index,85,85,85,73,1239
1416428250.18573,pg_catalog,pg_proc,pg_proc_proname_args_nsp_index,1925,8691,8691,302,5018
1416428250.18573,pg_catalog,pg_proc,pg_proc_oid_index,12000,12000,12000,197,25316
1416428250.18573,pg_catalog,pg_attrdef,pg_attrdef_oid_index,0,0,0,0,0
1416428250.18573,pg_catalog,pg_attrdef,pg_attrdef_adrelid_adnum_index,0,0,0,0,0
1416428250.18573,pg_catalog,pg_constraint,pg_constraint_oid_index,24,8,8,4,60
1416428250.18573,pg_catalog,pg_constraint,pg_constraint_contypid_index,0,0,0,4,28
1416428250.18573,pg_catalog,pg_constraint,pg_constraint_conrelid_index,0,0,0,4,28
1416428250.18573,pg_catalog,pg_constraint,pg_constraint_conname_nsp_index,0,0,0,4,28
1416428250.18573,pg_catalog,pg_inherits,pg_inherits_parent_index,0,0,0,0,0
1416428250.18573,pg_catalog,pg_inherits,pg_inherits_relid_seqno_index,49,0,0,26,23
1416428250.18573,pg_catalog,pg_index,pg_index_indexrelid_index,13364,13433,13364,31,15067
1416428250.18573,pg_catalog,pg_index,pg_index_indrelid_index,3737,11245,11245,74,4625
1416428250.18573,pg_catalog,pg_opfamily,pg_opfamily_oid_index,0,0,0,0,0
1416428250.18573,pg_catalog,pg_opfamily,pg_opfamily_am_name_nsp_index,0,0,0,0,0
1416428250.18573,pg_catalog,pg_opclass,pg_opclass_oid_index,7964,7964,7964,31,9603
1416428250.18573,pg_catalog,pg_opclass,pg_opclass_am_name_nsp_index,2410,100310,100310,87,3026
1416428250.18573,pg_catalog,pg_am,pg_am_oid_index,0,0,0,0,0
1416428250.18573,pg_catalog,pg_am,pg_am_name_index,0,0,0,0,0
1416428250.18573,pg_catalog,pg_amop,pg_amop_oid_index,0,0,0,0,0
1416428250.18573,pg_catalog,pg_amop,pg_amop_opr_fam_index,5604,15422,15422,104,12214
1416428250.18573,pg_catalog,pg_amop,pg_amop_fam_strat_index,7475,7475,7475,92,15629
1416428250.18573,pg_catalog,pg_amproc,pg_amproc_oid_index,0,0,0,0,0
1416428250.18573,pg_catalog,pg_amproc,pg_amproc_fam_proc_index,7746,22560,22560,66,17096
1416428250.18573,pg_catalog,pg_language,pg_language_oid_index,0,0,0,0,0
1416428250.18573,pg_catalog,pg_language,pg_language_name_index,0,0,0,0,0
1416428250.18573,pg_catalog,pg_largeobject_metadata,pg_largeobject_metadata_oid_index,0,0,0,0,0
1416428250.18573,pg_catalog,pg_aggregate,pg_aggregate_fnoid_index,819,819,819,121,1309
1416428250.18573,pg_catalog,pg_rewrite,pg_rewrite_rel_rulename_index,359,333,307,52,562
1416428250.18573,pg_catalog,pg_rewrite,pg_rewrite_oid_index,78,52,52,35,95
1416428250.18573,pg_catalog,pg_trigger,pg_trigger_oid_index,0,0,0,0,0
1416428250.18573,pg_catalog,pg_trigger,pg_trigger_tgrelid_tgname_index,0,0,0,0,0
1416428250.18573,pg_catalog,pg_trigger,pg_trigger_tgconstraint_index,0,0,0,0,0
1416428250.18573,pg_catalog,pg_event_trigger,pg_event_trigger_oid_index,0,0,0,0,0
1416428250.18573,pg_catalog,pg_event_trigger,pg_event_trigger_evtname_index,128,0,0,25,103
1416428250.18573,pg_catalog,pg_description,pg_description_o_c_o_index,221,0,0,76,415
1416428250.18573,pg_catalog,pg_cast,pg_cast_source_target_index,52433,12569,12569,33,53939
1416428250.18573,pg_catalog,pg_cast,pg_cast_oid_index,0,0,0,0,0
1416428250.18573,pg_catalog,pg_database,pg_database_oid_index,2194,2193,2193,32,3870
1416428250.18573,pg_catalog,pg_database,pg_database_datname_index,3337,3336,3336,31,5009
1416428250.18573,pg_catalog,pg_namespace,pg_namespace_oid_index,990,986,986,47,1095
1416428250.18573,pg_catalog,pg_namespace,pg_namespace_nspname_index,4480,2858,2858,32,6070
1416428250.18573,pg_catalog,pg_conversion,pg_conversion_oid_index,0,0,0,0,0
1416428250.18573,pg_catalog,pg_conversion,pg_conversion_name_nsp_index,0,0,0,0,0
1416428250.18573,pg_catalog,pg_conversion,pg_conversion_default_index,0,0,0,0,0
1416428250.18573,pg_catalog,pg_db_role_setting,pg_db_role_setting_databaseid_rol_index,6828,0,0,15,6813
1416428250.18573,pg_catalog,pg_tablespace,pg_tablespace_spcname_index,0,0,0,4,4
1416428250.18573,pg_catalog,pg_tablespace,pg_tablespace_oid_index,1128,1128,1128,46,2210
1416428250.18573,pg_catalog,pg_pltemplate,pg_pltemplate_name_index,0,0,0,0,0
1416428250.18573,pg_catalog,pg_auth_members,pg_auth_members_member_role_index,0,0,0,0,0
1416428250.18573,pg_catalog,pg_auth_members,pg_auth_members_role_member_index,0,0,0,0,0
1416428250.18573,pg_catalog,pg_shdepend,pg_shdepend_reference_index,64,64,64,50,74
1416428250.18573,pg_catalog,pg_shdepend,pg_shdepend_depender_index,222,0,0,51,221
1416428250.18573,pg_catalog,pg_shdescription,pg_shdescription_o_c_index,0,0,0,0,0
1416428250.18573,pg_catalog,pg_ts_config,pg_ts_config_oid_index,0,0,0,0,0
1416428250.18573,pg_catalog,pg_ts_config,pg_ts_config_cfgname_index,0,0,0,0,0
1416428250.18573,pg_catalog,pg_ts_config_map,pg_ts_config_map_index,0,0,0,0,0
1416428250.18573,pg_catalog,pg_ts_dict,pg_ts_dict_oid_index,0,0,0,0,0
1416428250.18573,pg_catalog,pg_ts_dict,pg_ts_dict_dictname_index,0,0,0,0,0
1416428250.18573,pg_catalog,pg_ts_parser,pg_ts_parser_oid_index,0,0,0,0,0
1416428250.18573,pg_catalog,pg_ts_parser,pg_ts_parser_prsname_index,0,0,0,0,0
1416428250.18573,pg_catalog,pg_ts_template,pg_ts_template_oid_index,0,0,0,0,0
1416428250.18573,pg_catalog,pg_ts_template,pg_ts_template_tmplname_index,0,0,0,0,0
1416428250.18573,pg_catalog,pg_extension,pg_extension_name_index,0,0,0,0,0
1416428250.18573,pg_catalog,pg_extension,pg_extension_oid_index,0,0,0,0,0
1416428250.18573,pg_catalog,pg_foreign_data_wrapper,pg_foreign_data_wrapper_name_index,0,0,0,0,0
1416428250.18573,pg_catalog,pg_foreign_data_wrapper,pg_foreign_data_wrapper_oid_index,0,0,0,0,0
1416428250.18573,pg_catalog,pg_foreign_server,pg_foreign_server_name_index,0,0,0,0,0
1416428250.18573,pg_catalog,pg_foreign_server,pg_foreign_server_oid_index,0,0,0,0,0
1416428250.18573,pg_catalog,pg_foreign_table,pg_foreign_table_relid_index,0,0,0,0,0
1416428250.18573,pg_catalog,pg_rowsecurity,pg_rowsecurity_polname_relid_index,0,0,0,0,0
1416428250.18573,pg_catalog,pg_rowsecurity,pg_rowsecurity_oid_index,0,0,0,0,0
1416428250.18573,pg_catalog,pg_default_acl,pg_default_acl_oid_index,0,0,0,0,0
1416428250.18573,pg_catalog,pg_default_acl,pg_default_acl_role_nsp_obj_index,236,0,0,23,213
1416428250.18573,pg_catalog,pg_seclabel,pg_seclabel_object_index,221,0,0,25,196
1416428250.18573,pg_catalog,pg_shseclabel,pg_shseclabel_object_index,0,0,0,0,0
1416428250.18573,pg_catalog,pg_collation,pg_collation_oid_index,0,0,0,0,0
1416428250.18573,pg_catalog,pg_collation,pg_collation_name_enc_nsp_index,0,0,0,0,0
1416428250.18573,pg_catalog,pg_range,pg_range_rngtypid_index,365,0,0,116,614
1416428250.18573,pg_toast,pg_toast_12698,pg_toast_12698_index,0,0,0,0,0
1416428250.18573,pg_toast,pg_toast_12703,pg_toast_12703_index,0,0,0,0,0
1416428250.18573,pg_toast,pg_toast_12708,pg_toast_12708_index,0,0,0,0,0
1416428250.18573,pg_toast,pg_toast_12713,pg_toast_12713_index,0,0,0,0,0
1416428250.18573,pg_toast,pg_toast_12718,pg_toast_12718_index,0,0,0,0,0
1416428250.18573,pg_toast,pg_toast_12723,pg_toast_12723_index,0,0,0,0,0
1416428250.18573,pg_catalog,pg_class,pg_class_tblspc_relfilenode_index,0,0,0,82,393
1416428250.18573,pg_catalog,pg_class,pg_class_relname_nsp_index,6030,3144,3100,142,13775
1416428250.18573,pg_catalog,pg_class,pg_class_oid_index,34798,34677,34677,102,71488
1416428250.18573,pg_catalog,pg_operator,pg_operator_oprname_l_r_n_index,5289,54914,54914,127,11613
1416428250.18573,pg_catalog,pg_operator,pg_operator_oid_index,6424,6424,6424,108,13909
1416428250.18573,pg_catalog,pg_enum,pg_enum_typid_sortorder_index,0,0,0,0,0
1416428250.18573,pg_catalog,pg_enum,pg_enum_typid_label_index,0,0,0,0,0
1416428250.18573,pg_catalog,pg_enum,pg_enum_oid_index,0,0,0,0,0
1416428250.18573,pg_catalog,pg_depend,pg_depend_reference_index,1851,1971,1694,364,4357
1416428250.18573,pg_catalog,pg_depend,pg_depend_depender_index,466,750,750,184,1768
1416428250.18573,pg_toast,pg_toast_12693,pg_toast_12693_index,0,0,0,0,0
1416428250.18573,public,supplier,supplier_s_nationkey_s_suppkey_brin_idx,0,0,0,0,3
1416428250.18573,public,supplier,pk_supplier,0,0,0,275,0
1416428250.18573,public,supplier,supplier_s_suppkey_idx_like,0,0,0,1,0
1416428250.18573,public,part,part_p_type_p_partkey_idx,0,0,0,11519,0
1416428250.18573,public,part,part_p_name_idx,0,0,0,13604,0
1416428250.18573,public,part,part_p_container_p_brand_p_partkey_idx,0,0,0,12144,0
1416428250.18573,public,part,part_p_size_brin_idx,0,0,0,0,3
1416428250.18573,public,part,pk_part,0,0,0,5486,0
1416428250.18573,public,partsupp,partsupp_ps_suppkey_idx,0,0,0,0,6
1416428250.18573,public,partsupp,pk_partsupp,0,0,0,21936,0
1416428250.18573,public,customer,pk_customer,0,0,0,4115,0
1416428250.18573,public,customer,customer_c_phone_idx_c_acctbal,0,0,0,3741,0
1416428250.18573,public,customer,customer_c_phone_idx,0,0,0,4115,0
1416428250.18573,public,customer,customer_c_nationkey_c_custkey_brin_idx,0,0,0,0,3
1416428250.18573,public,customer,customer_c_mktsegment_c_custkey_idx,0,0,0,5778,0
1416428250.18573,public,orders,orders_o_orderkey_o_orderdate_brin_idx,0,0,0,0,12
1416428250.18573,public,orders,orders_o_orderdate_o_orderkey_brin_idx,0,0,0,0,12
1416428250.18573,public,orders,pk_orders,0,0,0,41130,0
1416428250.18573,public,lineitem,pk_lineitem,0,0,0,0,0
1416428250.18573,public,nation,pk_nation,0,0,0,1,0
1416428250.18573,public,region,pk_region,0,0,0,1,0
1416428310.18823,pg_catalog,pg_statistic,pg_statistic_relid_att_inh_index,8432,7989,7986,87,18509
1416428310.18823,pg_catalog,pg_type,pg_type_typname_nsp_index,993,752,707,268,2405
1416428310.18823,pg_catalog,pg_type,pg_type_oid_index,36265,36149,36149,84,74313
1416428310.18823,pg_toast,pg_toast_2619,pg_toast_2619_index,5602,19155,19155,78,6669
1416428310.18823,pg_toast,pg_toast_1255,pg_toast_1255_index,0,0,0,0,0
1416428310.18823,pg_toast,pg_toast_2604,pg_toast_2604_index,0,0,0,0,0
1416428310.18823,pg_toast,pg_toast_2606,pg_toast_2606_index,0,0,0,0,0
1416428310.18823,pg_toast,pg_toast_2618,pg_toast_2618_index,208,664,664,34,302
1416428310.18823,pg_toast,pg_toast_2620,pg_toast_2620_index,0,0,0,0,0
1416428310.18823,pg_toast,pg_toast_2609,pg_toast_2609_index,0,0,0,0,0
1416428310.18823,pg_toast,pg_toast_2964,pg_toast_2964_index,0,0,0,0,0
1416428310.18823,pg_toast,pg_toast_2396,pg_toast_2396_index,0,0,0,0,0
1416428310.18823,pg_toast,pg_toast_3596,pg_toast_3596_index,0,0,0,0,0
1416428310.18823,pg_catalog,pg_authid,pg_authid_oid_index,1649,1649,1649,34,3264
1416428310.18823,pg_catalog,pg_authid,pg_authid_rolname_index,1642,1642,1642,34,3250
1416428310.18823,pg_catalog,pg_largeobject,pg_largeobject_loid_pn_index,0,0,0,0,0
1416428310.18823,pg_catalog,pg_user_mapping,pg_user_mapping_user_server_index,0,0,0,0,0
1416428310.18823,pg_catalog,pg_user_mapping,pg_user_mapping_oid_index,0,0,0,0,0
1416428310.18823,pg_catalog,pg_attribute,pg_attribute_relid_attnum_index,33141,74361,74279,186,68922
1416428310.18823,pg_catalog,pg_attribute,pg_attribute_relid_attnam_index,88,88,88,73,1253
1416428310.18823,pg_catalog,pg_proc,pg_proc_proname_args_nsp_index,1935,8736,8736,302,5043
1416428310.18823,pg_catalog,pg_proc,pg_proc_oid_index,12068,12068,12068,197,25457
1416428310.18823,pg_catalog,pg_attrdef,pg_attrdef_oid_index,0,0,0,0,0
1416428310.18823,pg_catalog,pg_attrdef,pg_attrdef_adrelid_adnum_index,0,0,0,0,0
1416428310.18823,pg_catalog,pg_constraint,pg_constraint_oid_index,24,8,8,4,60
1416428310.18823,pg_catalog,pg_constraint,pg_constraint_contypid_index,0,0,0,4,28
1416428310.18823,pg_catalog,pg_constraint,pg_constraint_conrelid_index,0,0,0,4,28
1416428310.18823,pg_catalog,pg_constraint,pg_constraint_conname_nsp_index,0,0,0,4,28
1416428310.18823,pg_catalog,pg_inherits,pg_inherits_parent_index,0,0,0,0,0
1416428310.18823,pg_catalog,pg_inherits,pg_inherits_relid_seqno_index,49,0,0,26,23
1416428310.18823,pg_catalog,pg_index,pg_index_indexrelid_index,13408,13477,13408,31,15125
1416428310.18823,pg_catalog,pg_index,pg_index_indrelid_index,3761,11292,11292,74,4658
1416428310.18823,pg_catalog,pg_opfamily,pg_opfamily_oid_index,0,0,0,0,0
1416428310.18823,pg_catalog,pg_opfamily,pg_opfamily_am_name_nsp_index,0,0,0,0,0
1416428310.18823,pg_catalog,pg_opclass,pg_opclass_oid_index,7991,7991,7991,31,9642
1416428310.18823,pg_catalog,pg_opclass,pg_opclass_am_name_nsp_index,2417,100596,100596,87,3038
1416428310.18823,pg_catalog,pg_am,pg_am_oid_index,0,0,0,0,0
1416428310.18823,pg_catalog,pg_am,pg_am_name_index,0,0,0,0,0
1416428310.18823,pg_catalog,pg_amop,pg_amop_oid_index,0,0,0,0,0
1416428310.18823,pg_catalog,pg_amop,pg_amop_opr_fam_index,5616,15453,15453,104,12242
1416428310.18823,pg_catalog,pg_amop,pg_amop_fam_strat_index,7496,7496,7496,92,15675
1416428310.18823,pg_catalog,pg_amproc,pg_amproc_oid_index,0,0,0,0,0
1416428310.18823,pg_catalog,pg_amproc,pg_amproc_fam_proc_index,7773,22613,22613,66,17162
1416428310.18823,pg_catalog,pg_language,pg_language_oid_index,0,0,0,0,0
1416428310.18823,pg_catalog,pg_language,pg_language_name_index,0,0,0,0,0
1416428310.18823,pg_catalog,pg_largeobject_metadata,pg_largeobject_metadata_oid_index,0,0,0,0,0
1416428310.18823,pg_catalog,pg_aggregate,pg_aggregate_fnoid_index,820,820,820,121,1311
1416428310.18823,pg_catalog,pg_rewrite,pg_rewrite_rel_rulename_index,366,340,314,52,574
1416428310.18823,pg_catalog,pg_rewrite,pg_rewrite_oid_index,78,52,52,35,95
1416428310.18823,pg_catalog,pg_trigger,pg_trigger_oid_index,0,0,0,0,0
1416428310.18823,pg_catalog,pg_trigger,pg_trigger_tgrelid_tgname_index,0,0,0,0,0
1416428310.18823,pg_catalog,pg_trigger,pg_trigger_tgconstraint_index,0,0,0,0,0
1416428310.18823,pg_catalog,pg_event_trigger,pg_event_trigger_oid_index,0,0,0,0,0
1416428310.18823,pg_catalog,pg_event_trigger,pg_event_trigger_evtname_index,130,0,0,25,105
1416428310.18823,pg_catalog,pg_description,pg_description_o_c_o_index,221,0,0,76,415
1416428310.18823,pg_catalog,pg_cast,pg_cast_source_target_index,52534,12610,12610,33,54047
1416428310.18823,pg_catalog,pg_cast,pg_cast_oid_index,0,0,0,0,0
1416428310.18823,pg_catalog,pg_database,pg_database_oid_index,2217,2216,2216,32,3906
1416428310.18823,pg_catalog,pg_database,pg_database_datname_index,3361,3360,3360,31,5046
1416428310.18823,pg_catalog,pg_namespace,pg_namespace_oid_index,1127,1123,1123,47,1235
1416428310.18823,pg_catalog,pg_namespace,pg_namespace_nspname_index,4499,2870,2870,32,6096
1416428310.18823,pg_catalog,pg_conversion,pg_conversion_oid_index,0,0,0,0,0
1416428310.18823,pg_catalog,pg_conversion,pg_conversion_name_nsp_index,0,0,0,0,0
1416428310.18823,pg_catalog,pg_conversion,pg_conversion_default_index,0,0,0,0,0
1416428310.18823,pg_catalog,pg_db_role_setting,pg_db_role_setting_databaseid_rol_index,6880,0,0,15,6865
1416428310.18823,pg_catalog,pg_tablespace,pg_tablespace_spcname_index,0,0,0,4,4
1416428310.18823,pg_catalog,pg_tablespace,pg_tablespace_oid_index,1133,1133,1133,46,2220
1416428310.18823,pg_catalog,pg_pltemplate,pg_pltemplate_name_index,0,0,0,0,0
1416428310.18823,pg_catalog,pg_auth_members,pg_auth_members_member_role_index,0,0,0,0,0
1416428310.18823,pg_catalog,pg_auth_members,pg_auth_members_role_member_index,0,0,0,0,0
1416428310.18823,pg_catalog,pg_shdepend,pg_shdepend_reference_index,64,64,64,50,74
1416428310.18823,pg_catalog,pg_shdepend,pg_shdepend_depender_index,222,0,0,51,221
1416428310.18823,pg_catalog,pg_shdescription,pg_shdescription_o_c_index,0,0,0,0,0
1416428310.18823,pg_catalog,pg_ts_config,pg_ts_config_oid_index,0,0,0,0,0
1416428310.18823,pg_catalog,pg_ts_config,pg_ts_config_cfgname_index,0,0,0,0,0
1416428310.18823,pg_catalog,pg_ts_config_map,pg_ts_config_map_index,0,0,0,0,0
1416428310.18823,pg_catalog,pg_ts_dict,pg_ts_dict_oid_index,0,0,0,0,0
1416428310.18823,pg_catalog,pg_ts_dict,pg_ts_dict_dictname_index,0,0,0,0,0
1416428310.18823,pg_catalog,pg_ts_parser,pg_ts_parser_oid_index,0,0,0,0,0
1416428310.18823,pg_catalog,pg_ts_parser,pg_ts_parser_prsname_index,0,0,0,0,0
1416428310.18823,pg_catalog,pg_ts_template,pg_ts_template_oid_index,0,0,0,0,0
1416428310.18823,pg_catalog,pg_ts_template,pg_ts_template_tmplname_index,0,0,0,0,0
1416428310.18823,pg_catalog,pg_extension,pg_extension_name_index,0,0,0,0,0
1416428310.18823,pg_catalog,pg_extension,pg_extension_oid_index,0,0,0,0,0
1416428310.18823,pg_catalog,pg_foreign_data_wrapper,pg_foreign_data_wrapper_name_index,0,0,0,0,0
1416428310.18823,pg_catalog,pg_foreign_data_wrapper,pg_foreign_data_wrapper_oid_index,0,0,0,0,0
1416428310.18823,pg_catalog,pg_foreign_server,pg_foreign_server_name_index,0,0,0,0,0
1416428310.18823,pg_catalog,pg_foreign_server,pg_foreign_server_oid_index,0,0,0,0,0
1416428310.18823,pg_catalog,pg_foreign_table,pg_foreign_table_relid_index,0,0,0,0,0
1416428310.18823,pg_catalog,pg_rowsecurity,pg_rowsecurity_polname_relid_index,0,0,0,0,0
1416428310.18823,pg_catalog,pg_rowsecurity,pg_rowsecurity_oid_index,0,0,0,0,0
1416428310.18823,pg_catalog,pg_default_acl,pg_default_acl_oid_index,0,0,0,0,0
1416428310.18823,pg_catalog,pg_default_acl,pg_default_acl_role_nsp_obj_index,236,0,0,23,213
1416428310.18823,pg_catalog,pg_seclabel,pg_seclabel_object_index,221,0,0,25,196
1416428310.18823,pg_catalog,pg_shseclabel,pg_shseclabel_object_index,0,0,0,0,0
1416428310.18823,pg_catalog,pg_collation,pg_collation_oid_index,0,0,0,0,0
1416428310.18823,pg_catalog,pg_collation,pg_collation_name_enc_nsp_index,0,0,0,0,0
1416428310.18823,pg_catalog,pg_range,pg_range_rngtypid_index,365,0,0,116,614
1416428310.18823,pg_toast,pg_toast_12698,pg_toast_12698_index,0,0,0,0,0
1416428310.18823,pg_toast,pg_toast_12703,pg_toast_12703_index,0,0,0,0,0
1416428310.18823,pg_toast,pg_toast_12708,pg_toast_12708_index,0,0,0,0,0
1416428310.18823,pg_toast,pg_toast_12713,pg_toast_12713_index,0,0,0,0,0
1416428310.18823,pg_toast,pg_toast_12718,pg_toast_12718_index,0,0,0,0,0
1416428310.18823,pg_toast,pg_toast_12723,pg_toast_12723_index,0,0,0,0,0
1416428310.18823,pg_catalog,pg_class,pg_class_tblspc_relfilenode_index,0,0,0,82,402
1416428310.18823,pg_catalog,pg_class,pg_class_relname_nsp_index,6045,3157,3111,142,13816
1416428310.18823,pg_catalog,pg_class,pg_class_oid_index,35164,35041,35041,102,72238
1416428310.18823,pg_catalog,pg_operator,pg_operator_oprname_l_r_n_index,5292,54917,54917,127,11622
1416428310.18823,pg_catalog,pg_operator,pg_operator_oid_index,6438,6438,6438,108,13942
1416428310.18823,pg_catalog,pg_enum,pg_enum_typid_sortorder_index,0,0,0,0,0
1416428310.18823,pg_catalog,pg_enum,pg_enum_typid_label_index,0,0,0,0,0
1416428310.18823,pg_catalog,pg_enum,pg_enum_oid_index,0,0,0,0,0
1416428310.18823,pg_catalog,pg_depend,pg_depend_reference_index,1857,1977,1700,364,4377
1416428310.18823,pg_catalog,pg_depend,pg_depend_depender_index,466,750,750,184,1776
1416428310.18823,pg_toast,pg_toast_12693,pg_toast_12693_index,0,0,0,0,0
1416428310.18823,public,supplier,supplier_s_nationkey_s_suppkey_brin_idx,0,0,0,0,3
1416428310.18823,public,supplier,pk_supplier,0,0,0,275,0
1416428310.18823,public,supplier,supplier_s_suppkey_idx_like,0,0,0,1,0
1416428310.18823,public,part,part_p_type_p_partkey_idx,0,0,0,11519,0
1416428310.18823,public,part,part_p_name_idx,0,0,0,13604,0
1416428310.18823,public,part,part_p_container_p_brand_p_partkey_idx,0,0,0,12144,0
1416428310.18823,public,part,part_p_size_brin_idx,0,0,0,0,3
1416428310.18823,public,part,pk_part,0,0,0,5486,0
1416428310.18823,public,partsupp,partsupp_ps_suppkey_idx,0,0,0,0,6
1416428310.18823,public,partsupp,pk_partsupp,0,0,0,21936,0
1416428310.18823,public,customer,pk_customer,0,0,0,4115,0
1416428310.18823,public,customer,customer_c_phone_idx_c_acctbal,0,0,0,3741,0
1416428310.18823,public,customer,customer_c_phone_idx,0,0,0,4115,0
1416428310.18823,public,customer,customer_c_nationkey_c_custkey_brin_idx,0,0,0,0,3
1416428310.18823,public,customer,customer_c_mktsegment_c_custkey_idx,0,0,0,5778,0
1416428310.18823,public,orders,orders_o_orderkey_o_orderdate_brin_idx,0,0,0,0,12
1416428310.18823,public,orders,orders_o_orderdate_o_orderkey_brin_idx,0,0,0,0,12
1416428310.18823,public,orders,pk_orders,0,0,0,41130,0
1416428310.18823,public,lineitem,lineitem_l_orderkey_brin_idx,0,0,0,0,0
1416428310.18823,public,lineitem,lineitem_l_partkey_l_quantity_idx,0,0,0,0,0
1416428310.18823,public,lineitem,pk_lineitem,0,0,0,0,0
1416428310.18823,public,nation,pk_nation,0,0,0,1,0
1416428310.18823,public,region,pk_region,0,0,0,1,0
